Date,Open,High,Low,Close,Volume,Close_clean,Noise
2022-06-01,122.25599670410156,125.1790008544922,120.62249755859376,121.68399810791016,127528000,131.5091517582234,-9.82515365031324
2022-06-02,121.68399810791016,125.61000061035156,120.04499816894533,125.51100158691406,100560000,130.5413529071405,-5.03035132022643
2022-06-03,124.1999969482422,124.4000015258789,121.04650115966795,122.3499984741211,97604000,129.11468844406016,-6.76468996993907
2022-06-06,125.25,128.99000549316406,123.80999755859376,124.79000091552734,135269000,127.04549604149514,-2.2554951259677978
2022-06-07,122.01000213623048,124.0999984741211,120.62999725341795,123.0,85156700,124.27596491284775,-1.2759649128477548
2022-06-08,122.61000061035156,123.75,120.75,121.18000030517578,64926600,120.75666299180217,0.423337313373608
2022-06-09,119.98999786376952,121.3000030517578,116.0999984741211,116.1500015258789,67029800,116.79775627712785,-0.6477547512489394
2022-06-10,113.41999816894533,114.5,109.0500030517578,109.6500015258789,87266000,112.57386295490173,-2.9238614290228213
2022-06-13,104.19000244140624,106.54000091552734,101.86000061035156,103.66999816894533,99277700,108.4657843879658,-4.795786219020471
2022-06-14,104.19000244140624,104.87999725341795,101.43000030517578,102.30999755859376,69728800,104.68400805457323,-2.374010495979462
2022-06-15,103.86000061035156,109.05999755859376,103.52999877929688,107.66999816894533,85011100,101.50404934750681,6.165948821438519
2022-06-16,104.47000122070312,104.58000183105467,102.01000213623048,103.66000366210938,82186300,98.95805789102333,4.701945771086045
2022-06-17,102.8000030517578,106.9800033569336,102.51000213623048,106.22000122070312,99772100,97.14151810912074,9.078483111582386
2022-06-21,108.1999969482422,111.62999725341795,103.55999755859376,108.68000030517578,70901200,95.73284450775135,12.94715579742443
2022-06-22,107.43000030517578,112.12999725341795,107.0199966430664,108.9499969482422,60040100,94.73811733357033,14.211879614671872
2022-06-23,110.38999938964844,113.0,107.93000030517578,112.44000244140624,64345300,93.75248781045899,18.68751463094725
2022-06-24,112.37999725341795,116.70999908447266,111.43000030517578,116.45999908447266,69867600,92.8342992167344,23.625699867738263
2022-06-27,117.08999633789062,117.9800033569336,112.6999969482422,113.22000122070312,62133200,91.85283129007244,21.36716993063068
2022-06-28,113.5,114.8499984741211,107.04000091552734,107.4000015258789,74942900,90.94407807427649,16.455923451602416
2022-06-29,107.37999725341795,110.98999786376952,106.91000366210938,108.91999816894533,66375300,90.13720712474404,18.78279104420129
2022-06-30,108.11000061035156,108.18000030517578,102.5199966430664,106.20999908447266,97679400,89.58681945019228,16.623179634280376
2022-07-01,106.29000091552734,109.75,105.8499984741211,109.55999755859376,73021200,89.33193477935419,20.22806277923958
2022-07-05,107.5999984741211,114.08000183105467,106.31999969482422,113.5,76583700,89.32237584728644,24.177624152713562
2022-07-06,113.20999908447266,115.4800033569336,112.01000213623048,114.33000183105467,66958900,89.50210985715442,24.82789197390025
2022-07-07,113.8499984741211,116.98999786376952,113.48999786376952,116.33000183105467,57872300,89.83356979488684,26.496432036167832
2022-07-08,114.5999984741211,116.58000183105467,113.69000244140624,115.54000091552734,45719700,90.15181079499236,25.388190120534986
2022-07-11,114.08000183105467,114.3000030517578,110.87000274658205,111.75,53487600,90.64583145258815,21.104168547411845
2022-07-12,112.16000366210938,113.2300033569336,108.33999633789062,109.22000122070312,54280300,91.2880641134084,17.93193710729473
2022-07-13,107.02999877929688,111.77999877929688,106.01000213623048,110.4000015258789,61353800,92.27304990303608,18.126951622842824
2022-07-14,110.23999786376952,111.18000030517578,107.58000183105467,110.62999725341795,51163100,93.71574285305614,16.914254400361813
2022-07-15,112.5,115.58999633789062,111.58999633789062,113.5500030517578,84317800,95.62806747688884,17.921935574868954
2022-07-18,115.0,117.23999786376952,113.1500015258789,113.76000213623048,59115400,97.99832578270933,15.761676353521153
2022-07-19,115.6999969482422,118.9499969482422,114.02999877929688,118.20999908447266,60990000,100.73266832125533,17.477330763217324
2022-07-20,118.62000274658205,123.4800033569336,118.31999969482422,122.7699966430664,71268300,103.60377504560049,19.16622159746592
2022-07-21,123.1999969482422,124.8499984741211,121.26000213623048,124.62999725341795,60239900,106.5741259756354,18.055871277782558
2022-07-22,125.01000213623048,125.5,121.3499984741211,122.41999816894533,51463800,109.58286331914522,12.837134849800108
2022-07-25,122.6999969482422,123.63999938964844,120.02999877929688,121.13999938964844,50221300,112.65860865580582,8.481390733842616
2022-07-26,115.79000091552734,118.1500015258789,114.52999877929688,114.80999755859376,67075100,116.05392309992943,-1.2439255413356705
2022-07-27,117.30999755859376,121.9000015258789,117.16000366210938,120.97000122070312,61582000,119.66490944016189,1.3050917805412325
2022-07-28,121.56999969482422,122.83999633789062,118.08000183105467,122.27999877929688,82245500,123.59625305208914,-1.3162542727922641
2022-07-29,134.89999389648438,137.64999389648438,132.41000366210938,134.9499969482422,148892900,127.84782843322418,7.102168515018008
2022-08-01,134.9600067138672,138.8300018310547,133.50999450683594,135.38999938964844,76846900,132.14622732254725,3.2437720671011903
2022-08-02,134.72000122070312,137.44000244140625,134.08999633789062,134.16000366210938,61922400,136.33146983751456,-2.171466175405186
2022-08-03,136.2100067138672,140.49000549316406,136.0500030517578,139.52000427246094,71827800,140.10983357407375,-0.5898293016128093
2022-08-04,140.5800018310547,143.55999755859375,139.5500030517578,142.57000732421875,70585000,143.3725914365972,-0.8025841123784403
2022-08-05,140.10000610351562,142.86000061035156,139.60000610351562,140.8000030517578,50686900,146.03068451166175,-5.230681459903934
2022-08-08,142.0500030517578,144.22999572753906,138.2899932861328,139.41000366210938,52229000,148.1343183783569,-8.724314716247534
2022-08-09,138.0500030517578,138.9499969482422,136.2100067138672,137.8300018310547,40434700,149.68875581848192,-11.858753987427235
2022-08-10,142.89999389648438,144.60000610351562,141.00999450683594,142.69000244140625,54773800,150.8197996926416,-8.129797251235345
2022-08-11,143.86000061035156,144.49000549316406,139.75999450683594,140.63999938964844,44867300,151.5083369948709,-10.86833760522245
2022-08-12,142.0500030517578,143.57000732421875,140.1199951171875,143.5500030517578,47643500,151.77137665180027,-8.221373600042455
2022-08-15,142.8000030517578,143.75999450683594,141.49000549316406,143.17999267578125,39014600,151.53087273071992,-8.35088005493867
2022-08-16,143.91000366210938,146.57000732421875,142.0,144.77999877929688,59102900,150.790682998597,-6.010684219300117
2022-08-17,142.69000244140625,143.3800048828125,140.77999877929688,142.10000610351562,48149800,149.44318843918853,-7.343182335672907
2022-08-18,141.32000732421875,142.77000427246094,140.3800048828125,142.3000030517578,37458700,147.61759867928174,-5.317595627523929
2022-08-19,140.47000122070312,141.11000061035156,137.91000366210938,138.22999572753906,47792800,145.38257202973801,-7.152576302198952
2022-08-22,135.72000122070312,136.32000732421875,132.85000610351562,133.22000122070312,50461500,142.80768234132316,-9.587681120620033
2022-08-23,133.41000366210938,134.99000549316406,132.9499969482422,133.6199951171875,36252100,140.01565046651575,-6.395655349328251
2022-08-24,132.75,135.47000122070312,132.10000610351562,133.8000030517578,38627000,137.1515288368401,-3.3515257850822877
2022-08-25,135.25999450683594,137.4199981689453,134.27999877929688,137.27999877929688,37496300,134.27975247054815,3.0002463087487286
2022-08-26,136.5500030517578,137.8300018310547,130.5,130.75,53322700,131.47803515915479,-0.7280351591547856
2022-08-29,129.89999389648438,131.9499969482422,128.77000427246094,129.7899932861328,48101600,128.79322369299376,0.9967695931390494
2022-08-30,131.25,132.07000732421875,126.8499984741211,128.72999572753906,49203000,126.24786507321284,2.4821306543262267
2022-08-31,129.4499969482422,130.58999633789062,126.73999786376952,126.7699966430664,53648700,124.00422638691418,2.765770256152223
2022-09-01,126.0,128.02000427246094,123.66000366210938,127.81999969482422,56636100,121.97746514393832,5.842534550885901
2022-09-02,129.5,131.3800048828125,126.38999938964844,127.51000213623048,57429800,120.37327134851687,7.136730787713617
2022-09-06,127.91999816894533,128.6199951171875,124.73999786376952,126.11000061035156,43888600,119.07701509415263,7.032985516198934
2022-09-07,126.12000274658205,129.82000732421875,125.4000015258789,129.47999572753906,47900300,118.01367340492142,11.466322322617643
2022-09-08,127.72000122070312,130.27999877929688,127.0999984741211,129.82000732421875,43988500,117.0489137955268,12.77109352869195
2022-09-09,130.91000366210938,133.69000244140625,130.75999450683594,133.27000427246094,49387600,116.14852594835064,17.1214783241103
2022-09-12,134.10000610351562,136.49000549316406,134.0,136.4499969482422,53826900,115.02584586429396,21.42415108394823
2022-09-13,131.00999450683594,131.39999389648438,126.2699966430664,126.81999969482422,72694000,113.77551706549235,13.044482629331867
2022-09-14,127.36000061035156,128.83999633789062,126.33000183105467,128.5500030517578,45316800,112.25452254105377,16.29548051070404
2022-09-15,127.37999725341795,130.3699951171875,125.5,126.27999877929688,52887200,110.59463850981966,15.685360269477215
2022-09-16,122.77999877929688,123.87000274658205,120.6999969482422,123.52999877929688,115667800,108.76783400064453,14.762164778652348
2022-09-19,122.16000366210938,124.70999908447266,121.8000030517578,124.66000366210938,47279700,107.0614491011489,17.59855456096048
2022-09-20,123.3499984741211,124.4000015258789,121.13999938964844,122.19000244140624,47698400,105.34166340651554,16.8483390348907
2022-09-21,122.48999786376952,123.76000213623048,118.4499969482422,118.54000091552734,58498900,103.99082507810566,14.549175837421686
2022-09-22,117.08000183105467,118.79000091552734,116.26000213623048,117.30999755859376,55229200,102.81672497775551,14.493272580838251
2022-09-23,116.0,116.0500030517578,112.05999755859376,113.77999877929688,65126700,102.121602303933,11.658396475363872
2022-09-26,113.3000030517578,117.33999633789062,113.12999725341795,115.1500015258789,62723300,101.86900549762427,13.280996028254634
2022-09-27,117.1999969482422,118.31999969482422,113.0500030517578,114.41000366210938,60094700,102.10440308698463,12.305600575124743
2022-09-28,114.37999725341795,118.6999969482422,113.8000030517578,118.01000213623048,55763800,102.79659985308464,15.21340228314584
2022-09-29,115.5999984741211,116.06999969482422,113.05999755859376,114.8000030517578,58969700,103.95165535112343,10.848347700634363
2022-09-30,114.08000183105467,116.91999816894533,112.83999633789062,113.0,59479600,105.4142591555972,7.585740844402807
2022-10-03,113.58000183105467,116.91000366210938,112.4499969482422,115.87999725341795,50941900,107.15297102042786,8.727026232990099
2022-10-04,119.88999938964844,123.0,119.79000091552734,121.08999633789062,62812600,108.92609131699676,12.163905020893864
2022-10-05,118.58000183105467,121.75,117.69000244140624,120.9499969482422,48217500,110.61244613532126,10.337550812920938
2022-10-06,120.7699966430664,121.52999877929688,119.5,120.3000030517578,42253800,112.15624145972198,8.143761592035816
2022-10-07,118.0,118.16999816894533,113.87999725341795,114.55999755859376,54678000,113.63122365983807,0.9287738987556935
2022-10-10,115.0999984741211,116.25,112.43000030517578,113.66999816894533,42339700,114.87486740327506,-1.2048692343297347
2022-10-11,112.70999908447266,115.4800033569336,110.38999938964844,112.20999908447266,56432200,116.07917335972415,-3.8691742752514955
2022-10-12,112.48999786376952,113.83000183105467,111.4000015258789,112.9000015258789,45728700,117.35696475567529,-4.456963229796386
2022-10-13,107.87999725341795,113.44000244140624,105.3499984741211,112.52999877929688,86868100,118.82296220385112,-6.2929634245542445
2022-10-14,114.0999984741211,114.95999908447266,106.5999984741211,106.9000015258789,67737300,120.54145509362613,-13.64145356774722
2022-10-17,110.11000061035156,114.19000244140624,110.08999633789062,113.79000091552734,62782000,122.48554901066396,-8.695548095136616
2022-10-18,119.05999755859376,119.5199966430664,114.79000091552734,116.36000061035156,65607400,124.5082006927432,-8.14820008239164
2022-10-19,114.70999908447266,116.58999633789062,113.22000122070312,115.06999969482422,47198100,126.5040256417345,-11.434025946910282
2022-10-20,113.83000183105467,118.23999786376952,113.51000213623048,115.25,48795100,128.23601801214812,-12.986018012148122
2022-10-21,114.79000091552734,119.58999633789062,114.5,119.31999969482422,55660500,129.48768960669406,-10.167689911869843
2022-10-24,119.9800033569336,120.38999938964844,116.56999969482422,119.81999969482422,49531500,130.09880080227956,-10.278801107455337
2022-10-25,119.6500015258789,121.31999969482422,118.9499969482422,120.5999984741211,50934600,129.82080565536484,-9.220807181243742
2022-10-26,116.0,119.3499984741211,114.76000213623048,115.66000366210938,68802300,128.72306711384945,-13.063063451740078
2022-10-27,113.91999816894533,114.12000274658205,109.7699966430664,110.95999908447266,129605400,126.89694654809621,-15.936947463623554
2022-10-28,97.91000366210938,103.95999908447266,97.66000366210938,103.41000366210938,223133400,124.38593105483035,-20.975927392720976
2022-10-31,103.55999755859376,104.87000274658205,100.73999786376952,102.44000244140624,99251400,121.57486083283783,-19.134858391431592
2022-11-01,103.98999786376952,104.58000183105467,96.05999755859376,96.79000091552734,153370000,118.76498042648711,-21.97497951095977
2022-11-02,97.31999969482422,97.73999786376952,92.01000213623048,92.12000274658205,135761800,116.22602586346353,-24.106023116881488
2022-11-03,92.47000122070312,93.5,89.0199966430664,89.30000305175781,136683300,114.13716343141144,-24.837160379653625
2022-11-04,91.48999786376952,92.44000244140624,88.04000091552734,90.9800033569336,129101300,112.76562372632344,-21.785620369389846
2022-11-07,91.9499969482422,92.0999984741211,89.04000091552734,90.52999877929688,77495700,112.12860107711754,-21.598602297820662
2022-11-08,90.79000091552734,91.72000122070312,88.2300033569336,89.9800033569336,88703400,112.23917262735947,-22.259169270425872
2022-11-09,89.47000122070312,89.4800033569336,85.87000274658203,86.13999938964844,90796200,112.90082715089292,-26.760827761244485
2022-11-10,92.94000244140624,98.69000244140624,91.6500015258789,96.62999725341795,173414900,113.988273439974,-17.35827618655604
2022-11-11,97.87999725341795,101.19000244140624,96.66000366210938,100.79000091552734,111590500,115.21242016033298,-14.422419244805639
2022-11-14,98.7699966430664,100.12000274658205,97.29000091552734,98.48999786376952,99533100,116.36956804095712,-17.879570177187603
2022-11-15,103.20999908447266,103.79000091552734,97.33999633789062,98.94000244140624,111336300,117.30511825063863,-18.365115809232393
2022-11-16,96.8499984741211,98.48999786376952,95.54000091552734,97.12000274658205,87958800,117.97944010507116,-20.859437358489117
2022-11-17,95.37000274658205,96.97000122070312,94.02999877929688,94.8499984741211,82617900,118.32414107251425,-23.474142598393158
2022-11-18,95.9499969482422,95.98999786376952,92.4800033569336,94.13999938964844,72428200,118.49910731864789,-24.35910792899945
2022-11-21,93.97000122070312,95.0199966430664,90.58999633789062,92.45999908447266,84330300,118.57477742006017,-26.114778335587516
2022-11-22,92.62000274658205,93.3499984741211,90.87000274658205,93.1999969482422,62192000,118.63356294239577,-25.433565994153568
2022-11-23,93.23999786376952,94.58000183105467,92.83000183105467,94.12999725341795,59414700,118.7505272191207,-24.620529965702744
2022-11-25,93.79000091552734,94.43000030517578,93.06999969482422,93.41000366210938,35088600,118.89924290339182,-25.489239241282448
2022-11-28,93.93000030517578,96.4000015258789,93.43000030517578,93.9499969482422,74943100,119.04397893267073,-25.093981984428524
2022-11-29,94.04000091552734,94.41000366210938,91.44000244140624,92.41999816894533,65567300,119.03183794728665,-26.61183977834132
2022-11-30,92.47000122070312,96.54000091552734,91.52999877929688,96.54000091552734,102805800,118.81060415452411,-22.27060323899677
2022-12-01,96.98999786376952,97.2300033569336,94.91999816894533,95.5,68488000,118.37809403765026,-22.878094037650257
2022-12-02,94.4800033569336,95.36000061035156,93.77999877929688,94.12999725341795,72496400,117.70999816693333,-23.580000913515377
2022-12-05,93.0500030517578,94.05999755859376,90.81999969482422,91.01000213623048,71535500,116.86766166130109,-25.857659525070602
2022-12-06,90.5,91.04000091552734,87.9000015258789,88.25,75503600,115.89358427520943,-27.643584275209435
2022-12-07,88.33999633789062,89.88999938964844,87.4800033569336,88.45999908447266,68086900,114.91785816704527,-26.45785908257261
2022-12-08,89.23999786376953,90.86000061035156,87.87999725341797,90.3499984741211,73305900,114.00014006042602,-23.650141586304926
2022-12-09,88.9000015258789,90.3000030517578,88.62999725341797,89.08999633789062,67398500,113.09808291237401,-24.008086574483386
2022-12-12,89.20999908447266,90.58000183105467,87.87000274658203,90.5500030517578,61999800,112.2358076660192,-21.6858046142614
2022-12-13,95.2300033569336,96.25,90.5199966430664,92.48999786376952,100212000,111.26138738560725,-18.771389521837733
2022-12-14,92.5,93.45999908447266,89.87000274658203,91.58000183105467,70298000,110.23542639640961,-18.655424565354934
2022-12-15,89.88999938964844,89.97000122070312,87.47000122070312,88.44999694824219,84802900,109.0718754868602,-20.621878538618006
2022-12-16,88.2699966430664,89.3499984741211,86.7300033569336,87.86000061035156,146144100,107.78120671538262,-19.92120610503106
2022-12-19,87.51000213623047,87.62999725341797,84.51000213623047,84.91999816894531,83531500,106.4767110648844,-21.556712895939086
2022-12-20,85.33000183105469,86.61000061035156,84.33000183105469,85.19000244140625,74348300,105.23551346267956,-20.045511021273313
2022-12-21,86.18000030517578,87.2300033569336,85.20999908447266,86.7699966430664,59267200,104.10760124836978,-17.33760460530337
2022-12-22,85.5199966430664,85.68000030517578,82.25,83.79000091552734,81431300,103.2351834964485,-19.445182580921156
2022-12-23,83.25,85.77999877929688,82.93000030517578,85.25,57433700,102.5936151764863,-17.343615176486296
2022-12-27,84.97000122070312,85.3499984741211,83.0,83.04000091552734,57284000,102.23166086400853,-19.19165994848119
2022-12-28,82.80000305175781,83.4800033569336,81.69000244140625,81.81999969482422,58228600,102.22949147902081,-20.40949178419659
2022-12-29,82.87000274658203,84.55000305175781,82.55000305175781,84.18000030517578,54995900,102.44213922552024,-18.262138920344455
2022-12-30,83.12000274658203,84.05000305175781,82.47000122070312,84.0,62401200,103.05050886020962,-19.050508860209618
2023-01-03,85.45999908447266,86.95999908447266,84.20999908447266,85.81999969482422,76706000,103.96945836014262,-18.149458665318406
2023-01-04,86.55000305175781,86.9800033569336,83.36000061035156,85.13999938964844,68885100,105.23261396347273,-20.092614573824292
2023-01-05,85.33000183105469,85.41999816894531,83.06999969482422,83.12000274658203,67930800,106.90371874589891,-23.783715999316883
2023-01-06,83.02999877929688,86.4000015258789,81.43000030517578,86.08000183105469,83303400,108.93869911249902,-22.858697281444336
2023-01-09,87.45999908447266,89.4800033569336,87.08000183105469,87.36000061035156,65266100,111.30462830499005,-23.944627694638484
2023-01-10,87.56999969482422,90.19000244140624,87.29000091552734,89.87000274658203,67756600,113.89977738599553,-24.029774639413503
2023-01-11,90.93000030517578,95.26000213623048,90.93000030517578,95.08999633789062,103126200,116.58023732337912,-21.490240985488498
2023-01-12,96.93000030517578,97.19000244140624,93.5,95.2699966430664,85254800,119.24717559980085,-23.97717895673445
2023-01-13,94.18000030517578,98.37000274658205,94.12000274658205,98.12000274658205,85549400,121.76364778519101,-23.643645038608966
2023-01-17,98.68000030517578,98.88999938964844,95.7300033569336,96.0500030517578,72755000,124.06950244739645,-28.019499395638647
2023-01-18,97.25,99.31999969482422,95.37999725341795,95.45999908447266,79570400,126.14134185192141,-30.681342767448754
2023-01-19,94.73999786376952,95.44000244140624,92.86000061035156,93.68000030517578,69002700,128.0004566648122,-34.32045635963641
2023-01-20,93.86000061035156,97.3499984741211,93.1999969482422,97.25,67481500,129.72253913153278,-32.472539131532784
2023-01-23,97.55999755859376,97.77999877929688,95.86000061035156,97.5199966430664,76501100,131.36602881300465,-33.84603216993824
2023-01-24,96.93000030517578,98.08999633789062,96.0,96.31999969482422,66929500,133.04773895990203,-36.727739265077815
2023-01-25,92.55999755859376,97.23999786376952,91.5199966430664,97.18000030517578,94261600,134.7323572725639,-37.55235696738811
2023-01-26,98.23999786376952,99.48999786376952,96.91999816894533,99.22000122070312,68523600,136.37887961281115,-37.15887839210802
2023-01-27,99.52999877929688,103.48999786376952,99.52999877929688,102.23999786376952,87775600,138.05641256640106,-35.81641470263155
2023-01-30,101.08999633789062,101.73999786376952,99.01000213623048,100.5500030517578,70691900,139.4928681866526,-38.9428651348948
2023-01-31,101.16000366210938,103.3499984741211,101.13999938964844,103.12999725341795,66527300,140.61989321412102,-37.489895960703066
2023-02-01,102.52999877929688,106.23999786376952,101.23999786376952,105.1500015258789,80450100,141.34978741423066,-36.199785888351755
2023-02-02,110.25,114.0,108.87999725341795,112.91000366210938,158154200,141.51351602730298,-28.60351236519361
2023-02-03,105.26000213623048,108.77999877929688,102.5199966430664,103.38999938964844,144374800,141.10821044376132,-37.718211054112885
2023-02-06,102.93000030517578,103.9499969482422,100.6500015258789,102.18000030517578,81945200,140.2185503145525,-38.038550009376706
2023-02-07,101.16999816894533,102.41000366210938,98.08000183105467,102.11000061035156,119501300,138.8972449333364,-36.78724432298483
2023-02-08,102.04000091552734,102.66999816894533,98.77999877929688,100.0500030517578,75878300,137.29147945006014,-37.24147639830234
2023-02-09,101.31999969482422,101.77999877929688,97.56999969482422,98.23999786376952,64622500,135.50372240891704,-37.263724545147525
2023-02-10,97.55999755859376,98.81999969482422,96.2300033569336,97.61000061035156,52740100,133.67123942273975,-36.06123881238818
2023-02-13,97.8499984741211,99.68000030517578,96.91000366210938,99.54000091552734,52841500,131.8316145263845,-32.291613610857155
2023-02-14,98.41000366210938,100.91999816894533,97.5199966430664,99.6999969482422,56202900,129.99402921611292,-30.29403226787072
2023-02-15,99.08999633789062,101.16999816894533,98.4499969482422,101.16000366210938,47957600,128.04797452355166,-26.887970861442284
2023-02-16,99.20999908447266,100.62999725341795,98.0999984741211,98.1500015258789,56339200,126.07824360602605,-27.928242080147143
2023-02-17,97.8000030517578,97.94000244140624,95.6500015258789,97.1999969482422,60029400,123.99724564555247,-26.797248697310266
2023-02-21,95.33999633789062,95.61000061035156,94.2699966430664,94.58000183105467,56580400,121.86370264342898,-27.283700812374306
2023-02-22,95.0999984741211,97.01000213623048,94.8000030517578,95.79000091552734,59534100,119.71784580201711,-23.927844886489765
2023-02-23,96.12000274658205,96.43000030517578,93.66999816894533,95.81999969482422,48467000,117.65832157851528,-21.838321883691066
2023-02-24,93.52999877929688,94.13999938964844,92.31999969482422,93.5,57053800,115.67337566315629,-22.173375663156293
2023-02-27,94.27999877929688,94.77999877929688,93.13999938964844,93.76000213623048,47470300,113.97314735583022,-20.21314521959974
2023-02-28,93.13999938964844,94.69000244140624,92.91999816894533,94.2300033569336,43959300,112.40201482604779,-18.172011469114196
2023-03-01,93.87000274658205,94.68000030517578,91.58999633789062,92.16999816894533,52299500,111.09889587204772,-18.928897703102393
2023-03-02,91.41000366210938,92.2300033569336,90.38999938964844,92.12999725341795,55509400,109.97075010950705,-17.840752856089097
2023-03-03,92.73999786376952,94.94000244140624,92.66000366210938,94.9000015258789,55759600,109.0133993123767,-14.1133977864978
2023-03-06,95.19000244140624,96.5500030517578,93.73999786376952,93.75,52112400,108.23820121992514,-14.488201219925145
2023-03-07,94.05999755859376,95.08999633789062,92.77999877929688,93.5500030517578,49100700,107.62475362245253,-14.074750570694732
2023-03-08,93.5999984741211,94.16999816894533,92.18000030517578,93.91999816894533,44899100,107.17973816028754,-13.259739991342215
2023-03-09,93.68000030517578,96.20999908447266,92.18000030517578,92.25,56218700,107.02994921006008,-14.779949210060082
2023-03-10,92.66999816894533,93.56999969482422,90.25,90.7300033569336,69827500,107.14824592253444,-16.41824256560085
2023-03-13,89.97000122070312,94.0199966430664,88.12000274658203,92.43000030517578,72397100,107.52095741002216,-15.090957104846382
2023-03-14,93.83000183105467,95.06999969482422,92.70999908447266,94.87999725341795,60912700,108.18202863424972,-13.302031380831764
2023-03-15,93.22000122070312,96.66999816894533,93.06999969482422,96.1999969482422,70731800,109.06229025571162,-12.862293307469415
2023-03-16,95.75,100.98999786376952,95.61000061035156,100.04000091552734,84446900,110.00298461132107,-9.962983695793724
2023-03-17,99.79000091552734,100.66000366210938,97.45999908447266,98.9499969482422,87300200,110.97363070362145,-12.023633755379251
2023-03-20,98.41000366210938,98.4800033569336,95.6999969482422,97.70999908447266,62388900,111.83902269107475,-14.12902360660209
2023-03-21,98.13999938964844,100.8499984741211,98.0,100.61000061035156,58597300,112.56188671300994,-11.951886102658378
2023-03-22,100.4499969482422,102.0999984741211,98.61000061035156,98.6999969482422,57475400,113.15874614847058,-14.458749200228382
2023-03-23,100.43000030517578,101.05999755859376,97.62000274658205,98.70999908447266,57559300,113.6609579084103,-14.95095882393764
2023-03-24,98.06999969482422,98.3000030517578,96.4000015258789,98.12999725341795,56095400,114.11470165074358,-15.984704397325629
2023-03-27,99.06999969482422,99.33999633789062,97.08000183105467,98.04000091552734,46721300,114.6431846749334,-16.60318375940605
2023-03-28,98.11000061035156,98.44000244140624,96.29000091552734,97.23999786376952,38720100,115.25241748766629,-18.012419623896776
2023-03-29,98.69000244140624,100.41999816894533,98.55999755859376,100.25,49783300,115.87198838940027,-15.621988389400272
2023-03-30,101.5500030517578,103.04000091552734,101.01000213623048,102.0,53633400,116.5281223789053,-14.528122378905294
2023-03-31,102.16000366210938,103.48999786376952,101.9499969482422,103.29000091552734,56750300,117.05212553196644,-13.762124616439095
2023-04-03,102.3000030517578,103.29000091552734,101.43000030517578,102.41000366210938,41135700,117.49667452322014,-15.086670861110761
2023-04-04,102.75,104.1999969482422,102.11000061035156,103.9499969482422,48662500,117.6924243195075,-13.742427371265293
2023-04-05,103.91000366210938,103.91000366210938,100.75,101.0999984741211,45175400,117.64237416262982,-16.542375688508727
2023-04-06,100.75,102.37999725341795,99.8000030517578,102.05999755859376,43808000,117.46532815193812,-15.40533059334436
2023-04-10,100.95999908447266,102.1999969482422,99.56999969482422,102.16999816894533,37261200,117.14227212360494,-14.972273954659613
2023-04-11,100.8000030517578,101.0,99.01000213623048,99.91999816894533,60417800,116.7904109218378,-16.870412752892477
2023-04-12,100.4000015258789,100.51000213623048,97.70999908447266,97.83000183105467,56735000,116.51948454084626,-18.68948270979159
2023-04-13,98.9499969482422,102.56999969482422,98.70999908447266,102.4000015258789,67925100,116.30947726068068,-13.909475734801774
2023-04-14,102.06999969482422,103.1999969482422,101.11000061035156,102.51000213623048,51450500,116.1881450500101,-13.678142913779624
2023-04-17,103.16000366210938,103.7300033569336,101.58999633789062,102.73999786376952,39919500,116.11562937444543,-13.375631510675916
2023-04-18,103.9499969482422,104.1999969482422,101.5199966430664,102.3000030517578,39790500,116.14037166913764,-13.840368617379838
2023-04-19,101.58000183105467,105.12000274658205,101.38999938964844,104.3000030517578,58398900,116.13411096488495,-11.834107913127156
2023-04-20,103.52999877929688,105.25,103.20999908447266,103.80999755859376,57696900,116.08467810835461,-12.274680549760845
2023-04-21,106.0999984741211,108.1500015258789,105.08000183105467,106.95999908447266,86774200,115.93312471501339,-8.973125630540736
2023-04-24,107.66000366210938,109.2300033569336,105.06999969482422,106.20999908447266,69575600,115.7078949470304,-9.49789586255774
2023-04-25,104.91000366210938,105.4499969482422,102.4499969482422,102.56999969482422,65026800,115.3416094096938,-12.771609714869584
2023-04-26,105.04000091552734,106.62000274658205,104.0999984741211,104.9800033569336,73803800,114.85814001812494,-9.878136661191348
2023-04-27,108.16000366210938,110.86000061035156,106.8000030517578,109.81999969482422,149961200,114.28908132539117,-4.469081630566947
2023-04-28,107.7300033569336,109.4800033569336,104.33000183105467,105.4499969482422,130715900,113.68825431321577,-8.238257364973563
2023-05-01,104.9499969482422,105.2300033569336,101.81999969482422,102.0500030517578,74728100,113.09581611264527,-11.045813060887468
2023-05-02,101.47000122070312,103.9000015258789,101.1500015258789,103.62999725341795,73469400,112.63254219791298,-9.002544944495028
2023-05-03,103.73999786376952,105.95999908447266,103.27999877929688,103.6500015258789,65051900,112.2872210030636,-8.6372194771847
2023-05-04,104.04000091552734,105.38999938964844,103.30999755859376,104.0,45345500,112.22053501837294,-8.220535018372942
2023-05-05,104.2699966430664,105.76000213623048,103.5500030517578,105.66000366210938,56951700,112.39059925120725,-6.730595589097874
2023-05-08,105.04000091552734,106.0999984741211,104.6999969482422,105.83000183105467,49430900,112.83246419766138,-7.002462366606707
2023-05-09,105.4800033569336,106.79000091552734,105.16000366210938,106.62000274658205,44089400,113.50131718229152,-6.88131443570947
2023-05-10,108.0999984741211,110.66999816894533,108.0500030517578,110.19000244140624,78627600,114.31144504986243,-4.121442608456192
2023-05-11,111.02999877929688,113.27999877929688,110.48999786376952,112.18000030517578,74924800,115.25233518603223,-3.0723348808564452
2023-05-12,112.16000366210938,112.63999938964844,109.31999969482422,110.26000213623048,49852700,116.27934626369161,-6.019344127461125
2023-05-15,111.1500015258789,112.29000091552734,109.25,111.1999969482422,53011100,117.30549089299505,-6.105493944752851
2023-05-16,111.0500030517578,114.79000091552734,111.0500030517578,113.4000015258789,71472900,118.22652143373541,-4.8265199078565075
2023-05-17,114.88999938964844,115.83000183105467,114.22000122070312,115.5,65655200,119.10520654199797,-3.6052065419979726
2023-05-18,116.69000244140624,118.5999984741211,116.33999633789062,118.1500015258789,73174100,119.88108111064449,-1.731079584765581
2023-05-19,118.16000366210938,118.30999755859376,115.6999969482422,116.25,55056300,120.4949075745366,-4.244907574536597
2023-05-22,116.7699966430664,116.7699966430664,114.25,115.01000213623048,70741100,121.0757859371599,-6.065783800929424
2023-05-23,114.2699966430664,117.13999938964844,113.77999877929688,114.98999786376952,67576300,121.64613205363044,-6.656134189860921
2023-05-24,115.3499984741211,117.33999633789062,115.0199966430664,116.75,63487900,122.21531115816863,-5.465311158168632
2023-05-25,116.62999725341795,116.87000274658205,114.30999755859376,115.0,66496700,122.8908613963306,-7.890861396330607
2023-05-26,116.04000091552734,121.5,116.0199966430664,120.11000061035156,96779900,123.5994960672882,-3.4894954569366377
2023-05-30,122.37000274658205,122.91999816894533,119.86000061035156,121.66000366210938,64314800,124.3520913609599,-2.6920876988505285
2023-05-31,121.4499969482422,122.04000091552734,119.16999816894533,120.58000183105467,72800800,125.08025528853686,-4.500253457482188
2023-06-01,120.69000244140624,123.48999786376952,119.93000030517578,122.7699966430664,54375100,125.70602457828515,-2.936027935218746
2023-06-02,124.91999816894533,126.38999938964844,124.0199966430664,124.25,61264400,126.12185503526422,-1.8718550352642183
2023-06-05,123.36000061035156,125.8000030517578,123.02999877929688,125.3000030517578,47950100,126.353463831311,-1.0534607795532054
2023-06-06,125.06999969482422,127.4000015258789,125.0,126.61000061035156,45695200,126.39280197906366,0.21719863128789996
2023-06-07,127.01000213623048,127.37000274658205,120.62999725341795,121.2300033569336,95663300,126.25709309604036,-5.027089739106771
2023-06-08,123.01000213623048,125.62999725341795,122.26000213623048,124.25,62159300,125.97048314969813,-1.7204831496981257
2023-06-09,124.08000183105467,125.8000030517578,123.19000244140624,123.43000030517578,51396000,125.5765882739324,-2.14658796875662
2023-06-12,124.0199966430664,126.77999877929688,123.52999877929688,126.56999969482422,51338000,125.15585461879854,1.414145076025676
2023-06-13,128.1199951171875,128.41000366210938,125.18000030517578,126.66000366210938,50564800,124.68384670376847,1.9761569583409084
2023-06-14,126.6999969482422,126.9499969482422,124.12000274658205,126.41999816894533,52422500,124.11448828495182,2.3055098839935084
2023-06-15,125.20999908447266,127.69000244140624,124.31999969482422,127.11000061035156,60458500,123.53007701322677,3.5799235971247896
2023-06-16,127.70999908447266,127.9000015258789,125.3000030517578,125.48999786376952,84247100,122.88785832964244,2.602139534127076
2023-06-20,124.97000122070312,127.25,124.5,125.77999877929688,56930100,122.23150555302564,3.5484932262712334
2023-06-21,125.63999938964844,126.7300033569336,123.8499984741211,124.83000183105467,52137700,121.5678468867619,3.2621549442927744
2023-06-22,125.30999755859376,130.3300018310547,125.13999938964844,130.14999389648438,90354600,120.89762774918127,9.252366147303107
2023-06-23,129.11000061035156,130.83999633789062,128.27999877929688,129.3300018310547,71927800,120.21419065889646,9.115811172158232
2023-06-26,129.3300018310547,131.49000549316406,127.0999984741211,127.33000183105467,59989300,119.53177977313982,7.798222057914856
2023-06-27,128.6300048828125,130.08999633789062,127.5500030517578,129.17999267578125,46801000,118.84590989385369,10.334082781927563
2023-06-28,128.94000244140625,131.47999572753906,128.44000244140625,129.0399932861328,52149500,118.10879984591605,10.93119344021676
2023-06-29,128.77000427246094,129.25999450683594,127.26000213623048,127.9000015258789,40761000,117.33334296341836,10.566658562460546
2023-06-30,129.47000122070312,131.25,128.9499969482422,130.36000061035156,54350700,116.52940567610834,13.830594934243223
2023-07-03,130.82000732421875,131.85000610351562,130.07000732421875,130.22000122070312,28264800,115.67896094226211,14.541040278441017
2023-07-05,130.24000549316406,131.39999389648438,129.63999938964844,130.3800048828125,35895400,114.83190245414606,15.54810242866644
2023-07-06,128.25,128.72999572753906,127.37000274658205,128.36000061035156,40639900,114.05052636236043,14.309474247991133
2023-07-07,128.58999633789062,130.97000122070312,128.1300048828125,129.77999877929688,41992300,113.3741917675404,16.40580701175648
2023-07-10,129.07000732421875,129.27999877929688,125.91999816894533,127.12999725341795,61889300,112.87668045633603,14.253316797081922
2023-07-11,127.75,129.77000427246094,127.3499984741211,128.77999877929688,49951500,112.50160151569267,16.278397263604205
2023-07-12,130.30999755859375,131.25999450683594,128.8300018310547,130.8000030517578,54022800,112.2671757404901,18.53282731126771
2023-07-13,134.0399932861328,134.6699981689453,132.7100067138672,134.3000030517578,61170900,112.13806540369218,22.16193764806563
2023-07-14,134.05999755859375,136.64999389648438,134.05999755859375,134.67999267578125,54487100,111.94165238024685,22.7383402955344
2023-07-17,134.55999755859375,135.6199951171875,133.2100067138672,133.55999755859375,48450200,111.64918563292996,21.910811925663793
2023-07-18,132.7100067138672,133.86000061035156,131.35000610351562,132.8300018310547,54882900,111.26197299880594,21.568028832248743
2023-07-19,133.38999938964844,135.99000549316406,132.52999877929688,135.36000061035156,54531000,110.66879253001838,24.691208080333183
2023-07-20,134.07000732421875,134.7899932861328,129.3300018310547,129.9600067138672,59820600,110.03300009152295,19.927006622344237
2023-07-21,131.33999633789062,131.3699951171875,128.4199981689453,130.0,133307300,109.42253227806664,20.57746772193336
2023-07-24,130.30999755859375,131.66000366210938,128.35000610351562,128.8000030517578,45591100,108.93868195668801,19.861321095069798
2023-07-25,129.30999755859375,129.5800018310547,128.52999877929688,129.1300048828125,39236700,108.66397583092314,20.466029051889365
2023-07-26,126.51000213623048,129.0800018310547,126.11000061035156,128.14999389648438,53910100,108.71883985655958,19.43115403992479
2023-07-27,131.0,132.6300048828125,127.79000091552734,128.25,52610700,109.07116201397646,19.178837986023538
2023-07-28,129.69000244140625,133.00999450683594,129.3300018310547,132.2100067138672,46317400,109.77705154666857,22.432955167198614
2023-07-31,133.1999969482422,133.8699951171875,132.3800048828125,133.67999267578125,41901500,110.76014125186354,22.919851423917706
2023-08-01,133.5500030517578,133.69000244140625,131.6199951171875,131.69000244140625,42098500,112.06287711709086,19.627125324315386
2023-08-02,130.14999389648438,130.22999572753906,126.81999969482422,128.2100067138672,51027600,113.63375034769831,14.576256366168877
2023-08-03,127.4800033569336,129.83999633789062,126.41000366210938,128.91000366210938,88585200,115.40152739073953,13.508476271369844
2023-08-04,141.05999755859375,143.6300048828125,139.32000732421875,139.57000732421875,153128500,117.23264405683457,22.337363267384177
2023-08-07,140.99000549316406,142.5399932861328,138.9499969482422,142.22000122070312,71213100,119.08889225203299,23.131108968670134
2023-08-08,140.6199951171875,140.83999633789062,138.4199981689453,139.94000244140625,51710500,120.78168143042093,19.15832101098532
2023-08-09,139.97000122070312,140.32000732421875,137.10000610351562,137.85000610351562,50017300,122.26873522264236,15.581270880873262
2023-08-10,139.07000732421875,140.41000366210938,137.49000549316406,138.55999755859375,58928400,123.45775023935269,15.102247319241059
2023-08-11,137.39999389648438,139.3300018310547,137.0,138.41000366210938,42905800,124.30728281835698,14.102720843752394
2023-08-14,138.3000030517578,140.58999633789062,137.75,140.57000732421875,47148700,124.83515027303795,15.734857051180796
2023-08-15,140.0500030517578,141.27999877929688,137.22999572753906,137.6699981689453,42781500,125.19370584254717,12.476292326398138
2023-08-16,137.19000244140625,137.27000427246094,135.00999450683594,135.07000732421875,41675900,125.4175029536554,9.65250437056335
2023-08-17,135.4600067138672,136.08999633789062,133.52999877929688,133.97999572753906,48354100,125.57039488970717,8.409600837831888
2023-08-18,131.6199951171875,134.07000732421875,131.14999389648438,133.22000122070312,48497700,125.77146307663581,7.448538144067314
2023-08-21,133.74000549316406,135.19000244140625,132.7100067138672,134.67999267578125,41442500,126.07141039846223,8.608582277319016
2023-08-22,135.0800018310547,135.64999389648438,133.72999572753906,134.25,32905400,126.47488832256448,7.775111677435518
2023-08-23,134.5,135.9499969482422,133.22000122070312,135.52000427246094,42801000,127.01175352063157,8.508250751829365
2023-08-24,136.39999389648438,136.77999877929688,131.8300018310547,131.83999633789062,43646300,127.69995638507129,4.140039952819336
2023-08-25,132.47000122070312,133.8699951171875,130.5800018310547,133.25999450683594,44147500,128.5745860345693,4.68540847226663
2023-08-28,133.77999877929688,133.9499969482422,131.85000610351562,133.13999938964844,34108400,129.52238114866034,3.6176182409880937
2023-08-29,133.3800048828125,135.13999938964844,133.25,134.91000366210938,38646100,130.5312518063762,4.378751855733185
2023-08-30,134.92999267578125,135.67999267578125,133.9199981689453,135.07000732421875,36137000,131.61344589103092,3.4565614331878294
2023-08-31,135.05999755859375,138.7899932861328,135.0,138.00999450683594,58781300,132.6637410999921,5.346253406843829
2023-09-01,139.4600067138672,139.9600067138672,136.8800048828125,138.1199951171875,40991500,133.68554980174142,4.434445315446084
2023-09-05,137.72999572753906,137.8000030517578,135.82000732421875,137.27000427246094,40636700,134.65301995688236,2.616984315578577
2023-09-06,136.32000732421875,137.4499969482422,134.61000061035156,135.36000061035156,41785500,135.50437420479457,-0.14437359444301023
2023-09-07,133.89999389648438,138.02999877929688,133.16000366210938,137.85000610351562,48498900,136.27414371450575,1.5758623890098704
2023-09-08,136.86000061035156,138.85000610351562,136.75,138.22999572753906,38348200,136.88118289276758,1.3488128347714792
2023-09-11,138.75,143.6199951171875,138.63999938964844,143.10000610351562,56764500,137.22322387488333,5.876782228632294
2023-09-12,142.32000732421875,143.0,140.61000061035156,141.22999572753906,42668500,137.22820693971116,4.0017887878279055
2023-09-13,140.9499969482422,144.97999572753906,140.8699951171875,144.85000610351562,60465200,136.7492939786501,8.100712124865538
2023-09-14,145.0800018310547,145.86000061035156,142.9499969482422,144.72000122070312,64033600,135.65918277846703,9.060818442236098
2023-09-15,142.69000244140625,143.57000732421875,140.08999633789062,140.38999938964844,102909300,133.9489386361206,6.441060753527836
2023-09-18,140.47999572753906,141.75,139.22000122070312,139.97999572753906,42823500,131.58469002789604,8.395305699643018
2023-09-19,138.6999969482422,138.83999633789062,135.55999755859375,137.6300048828125,61482500,128.72014931370745,8.909855569105048
2023-09-20,138.5500030517578,139.3699951171875,135.1999969482422,135.2899932861328,46263700,125.46988550927209,9.820107776860723
2023-09-21,131.94000244140625,132.24000549316406,129.30999755859375,129.3300018310547,70343300,122.06402952571963,7.265972305335055
2023-09-22,131.11000061035156,132.02999877929688,128.52000427246094,129.1199951171875,59904300,118.56709071276359,10.552904404423913
2023-09-25,129.36000061035156,131.77999877929688,128.77000427246094,131.27000427246094,46017800,115.2451370722385,16.02486720022243
2023-09-26,130.1199951171875,130.38999938964844,125.27999877929688,125.9800033569336,73048200,112.16186738050837,13.818135976425225
2023-09-27,125.76000213623048,127.4800033569336,124.12999725341795,125.9800033569336,66553400,109.32105303877654,16.658950318157054
2023-09-28,124.04000091552734,126.58000183105467,123.04000091552734,125.9800033569336,54555000,106.77949859635875,19.200504760574844
2023-09-29,128.1999969482422,129.14999389648438,126.31999969482422,127.12000274658205,62411700,104.52441802424833,22.59558472233371
2023-10-02,127.27999877929688,130.47000122070312,126.54000091552734,129.4600067138672,48029700,102.50576148310716,26.954245230760023
2023-10-03,128.05999755859375,128.52000427246094,124.25,124.72000122070312,51565000,100.76788212744377,23.952119093259356
2023-10-04,126.05999755859376,127.36000061035156,125.68000030517578,127.0,44203900,99.26020111526778,27.739798884732224
2023-10-05,126.70999908447266,126.7300033569336,124.33000183105467,125.95999908447266,39660600,97.99209179595218,27.96790728852048
2023-10-06,124.16000366210938,128.4499969482422,124.12999725341795,127.95999908447266,46836700,96.95183102406386,31.008168060408792
2023-10-09,126.22000122070312,128.7899932861328,124.76000213623048,128.25999450683594,38773700,96.08996679591839,32.17002771091755
2023-10-10,128.82000732421875,130.74000549316406,128.0500030517578,129.47999572753906,42178600,95.3731198561791,34.10687587135996
2023-10-11,129.74000549316406,132.0500030517578,129.61000061035156,131.8300018310547,40741800,94.78953301862285,37.04046881243184
2023-10-12,132.1699981689453,134.47999572753906,131.22999572753906,132.3300018310547,55528600,94.11444792343258,38.21555390762211
2023-10-13,132.97999572753906,133.30999755859375,128.9499969482422,129.7899932861328,45786600,93.42024766362123,36.36974562251159
2023-10-16,130.69000244140625,133.07000732421875,130.42999267578125,132.5500030517578,42832900,92.64891610774781,39.901086944010004
2023-10-17,130.38999938964844,132.5800018310547,128.7100067138672,131.47000122070312,49344600,91.72003423453324,39.74996698616988
2023-10-18,129.89999389648438,130.6699981689453,127.51000213623048,128.1300048828125,42699500,90.77538679672901,37.35461808608349
2023-10-19,130.57000732421875,132.24000549316406,127.47000122070312,128.39999389648438,60961400,89.85774918091671,38.54224471556766
2023-10-20,128.0500030517578,128.1699981689453,124.97000122070312,125.16999816894533,56406400,89.07414641983138,36.09585174911395
2023-10-23,124.62999725341795,127.87999725341795,123.9800033569336,126.55999755859376,48260000,88.62760829571221,37.93238926288156
2023-10-24,127.73999786376952,128.8000030517578,126.33999633789062,128.55999755859375,46477400,88.61058167387205,39.9494158847217
2023-10-25,126.04000091552734,126.33999633789062,120.79000091552734,121.38999938964844,74577500,89.18861951383002,32.20137987581842
2023-10-26,120.62999725341795,121.63999938964844,118.3499984741211,119.56999969482422,100419500,90.44515772770463,29.124841967119593
2023-10-27,126.1999969482422,130.02000427246094,125.5199966430664,127.73999786376952,125309300,92.3314537904414,35.408544073328116
2023-10-30,129.72000122070312,133.0,128.55999755859375,132.7100067138672,72485500,94.78106797990867,37.92893873395852
2023-10-31,132.75,133.57000732421875,131.7100067138672,133.08999633789062,51589400,97.74183394613881,35.34816239175181
2023-11-01,133.9600067138672,137.35000610351562,133.7100067138672,137.0,61529400,100.8779905379724,36.122009462027606
2023-11-02,138.72999572753906,138.80999755859375,136.47000122070312,138.07000732421875,52236700,104.07881203145719,33.99119529276156
2023-11-03,138.99000549316406,139.49000549316406,137.4499969482422,138.60000610351562,44059800,107.35716398948412,31.242842114031504
2023-11-06,138.75999450683594,140.72999572753906,138.36000061035156,139.74000549316406,44970400,110.37707395920597,29.36293153395809
2023-11-07,140.5500030517578,143.3699951171875,140.5,142.7100067138672,53553500,113.28616181548668,29.42384489838051
2023-11-08,142.97000122070312,143.1199951171875,141.22000122070312,142.0800018310547,44521700,115.9752810673357,26.104720763718987
2023-11-09,142.02000427246094,142.64999389648438,139.83999633789062,140.60000610351562,36235400,118.53547914658074,22.064526956934884
2023-11-10,140.4600067138672,143.64999389648438,139.91000366210938,143.55999755859375,49287800,120.98442992326986,22.575567635323893
2023-11-13,142.0800018310547,143.22999572753906,140.6699981689453,142.58999633789062,35680600,123.26390435397299,19.326091983917635
2023-11-14,145.0,147.25999450683594,144.67999267578125,145.8000030517578,56674600,125.44632914080758,20.353673910950235
2023-11-15,147.05999755859375,147.2899932861328,142.58999633789062,143.1999969482422,63875700,127.60676523435473,15.593231713887462
2023-11-16,140.91000366210938,143.32000732421875,139.52000427246094,142.8300018310547,49653500,129.63601314440194,13.193988686652744
2023-11-17,142.66000366210938,145.22999572753906,142.5399932861328,145.17999267578125,49636700,131.64521522209836,13.534777453682892
2023-11-20,145.1300048828125,146.6300048828125,144.72999572753906,146.1300048828125,41951200,133.59965042006357,12.530354462748932
2023-11-21,143.91000366210938,144.0500030517578,141.5,143.89999389648438,71226000,135.49473956658085,8.405254329903528
2023-11-22,144.57000732421875,147.74000549316406,144.57000732421875,146.7100067138672,45669100,137.22299844476902,9.487008269098169
2023-11-24,146.6999969482422,147.1999969482422,145.32000732421875,146.74000549316406,22378400,138.9327188116048,7.807286681559276
2023-11-27,147.52999877929688,149.25999450683594,146.8800048828125,147.72999572753906,53762400,140.3960290514615,7.3339666760775515
2023-11-28,146.97999572753906,147.60000610351562,145.52999877929688,147.02999877929688,42711700,141.84895803162817,5.181040747668703
2023-11-29,147.85000610351562,148.5399932861328,145.97000122070312,146.32000732421875,40610900,143.14455378442173,3.1754535397970187
2023-11-30,144.75999450683594,146.92999267578125,144.3300018310547,146.08999633789062,65814000,144.2818261071316,1.808170230759032
2023-12-01,146.0,147.25,145.5500030517578,147.02999877929688,39951800,145.28906007964784,1.7409386996490355
2023-12-04,145.25,145.35000610351562,142.80999755859375,144.83999633789062,48294200,146.29226656748216,-1.4522702295915337
2023-12-05,143.5500030517578,148.57000732421875,143.1300048828125,146.8800048828125,46822400,147.23344140971335,-0.35343652690085037
2023-12-06,147.5800018310547,147.85000610351562,144.27999877929688,144.52000427246094,39679000,148.18899697087164,-3.6689926984107046
2023-12-07,146.14999389648438,147.9199981689453,145.33999633789062,146.8800048828125,52352800,149.12982227835522,-2.2498173955427205
2023-12-08,145.47999572753906,147.83999633789062,145.39999389648438,147.4199981689453,41906000,150.02146011561527,-2.601461946669957
2023-12-11,145.66000366210938,146.19000244140625,143.63999938964844,145.88999938964844,50907300,150.91044444560822,-5.020445055959783
2023-12-12,145.52000427246094,147.5,145.3000030517578,147.47999572753906,44944300,151.7392411887805,-4.2592454612414485
2023-12-13,148.1199951171875,149.4600067138672,146.82000732421875,148.83999633789062,52766200,152.4274073988571,-3.587411060966474
2023-12-14,149.92999267578125,150.5399932861328,145.52000427246094,147.4199981689453,58400800,153.00499426542794,-5.584996096482627
2023-12-15,148.3800048828125,150.57000732421875,147.8800048828125,149.97000122070312,110089300,153.34644686944426,-3.3764456487411394
2023-12-18,150.55999755859375,154.85000610351562,150.0500030517578,154.07000732421875,62512800,153.41336612803053,0.6566411961882181
2023-12-19,154.39999389648438,155.1199951171875,152.69000244140625,153.7899932861328,43171300,153.14096875042335,0.649024535709458
2023-12-20,152.89999389648438,155.6300048828125,151.55999755859375,152.1199951171875,50322100,152.29305372863593,-0.17305861144842538
2023-12-21,153.3000030517578,153.97000122070312,152.10000610351562,153.83999633789062,36305700,150.78591135352988,3.054084984360742
2023-12-22,153.77000427246094,154.35000610351562,152.7100067138672,153.4199981689453,29514100,148.44670042740842,4.973297741536896
2023-12-26,153.55999755859375,153.97999572753906,153.02999877929688,153.41000366210938,25067200,144.98805572714735,8.42194793496202
2023-12-27,153.55999755859375,154.77999877929688,153.1199951171875,153.33999633789062,31434700,140.38910056940642,12.950895768484202
2023-12-28,153.72000122070312,154.0800018310547,152.9499969482422,153.3800048828125,27057000,134.74050560432835,18.639499278484152
2023-12-29,153.10000610351562,153.88999938964844,151.02999877929688,151.94000244140625,39823200,128.21469485476092,23.72530758664533
