Date,Close,MA_short,MA_long,Signal,Action,Cash,Holdings,Equity
2023-01-03,88.39,103.39,111.89,SELL,HOLD,100000.0,0.0,100000.0
2023-01-04,87.36,103.57,110.37,SELL,HOLD,100000.0,0.0,100000.0
2023-01-05,85.49,104.15,109.07,SELL,HOLD,100000.0,0.0,100000.0
2023-01-06,86.62,105.08,108.04,SELL,HOLD,100000.0,0.0,100000.0
2023-01-09,87.3,106.39,107.29,SELL,HOLD,100000.0,0.0,100000.0
2023-01-10,87.7,108.05,106.83,BUY,BUY,0.0,1139.173,99900.0
2023-01-11,90.77,110.01,106.7,BUY,HOLD,0.0,1139.173,103402.48
2023-01-12,90.38,112.24,106.88,BUY,HOLD,0.0,1139.173,102961.84
2023-01-13,91.36,114.7,107.38,BUY,HOLD,0.0,1139.173,104080.4
2023-01-17,90.54,117.34,108.19,BUY,HOLD,0.0,1139.173,103142.63
2023-01-18,90.37,120.13,109.3,BUY,HOLD,0.0,1139.173,102950.56
2023-01-19,92.29,122.97,110.69,BUY,HOLD,0.0,1139.173,105131.16
2023-01-20,97.22,125.84,112.33,BUY,HOLD,0.0,1139.173,110746.42
2023-01-23,98.97,128.63,114.19,BUY,HOLD,0.0,1139.173,112746.24
2023-01-24,96.9,131.32,116.24,BUY,HOLD,0.0,1139.173,110384.86
2023-01-25,94.44,133.86,118.43,BUY,HOLD,0.0,1139.173,107582.89
2023-01-26,96.72,136.17,120.71,BUY,HOLD,0.0,1139.173,110181.51
2023-01-27,98.56,138.23,123.05,BUY,HOLD,0.0,1139.173,112271.69
2023-01-30,96.15,139.97,125.4,BUY,HOLD,0.0,1139.173,109526.2
2023-01-31,98.03,141.37,127.71,BUY,HOLD,0.0,1139.173,111672.88
2023-02-01,99.61,142.38,129.92,BUY,HOLD,0.0,1139.173,113469.32
2023-02-02,106.86,142.99,132.0,BUY,HOLD,0.0,1139.173,121728.43
2023-02-03,103.92,143.19,133.9,BUY,HOLD,0.0,1139.173,118384.1
2023-02-06,102.06,142.97,135.58,BUY,HOLD,0.0,1139.173,116260.01
2023-02-07,106.76,142.36,137.0,BUY,HOLD,0.0,1139.173,121615.43
2023-02-08,98.56,141.39,138.15,BUY,HOLD,0.0,1139.173,112271.69
2023-02-09,94.23,140.05,138.99,BUY,HOLD,0.0,1139.173,107345.61
2023-02-10,93.79,138.38,139.51,SELL,SELL,106741.64,0.0,106741.64
2023-02-13,93.83,136.43,139.71,SELL,HOLD,106741.64,0.0,106741.64
2023-02-14,93.9,134.27,139.58,SELL,HOLD,106741.64,0.0,106741.64
2023-02-15,96.15,131.91,139.12,SELL,HOLD,106741.64,0.0,106741.64
2023-02-16,94.73,129.46,138.37,SELL,HOLD,106741.64,0.0,106741.64
2023-02-17,93.58,126.93,137.32,SELL,HOLD,106741.64,0.0,106741.64
2023-02-21,91.04,124.41,136.01,SELL,HOLD,106741.64,0.0,106741.64
2023-02-22,90.9,121.95,134.48,SELL,HOLD,106741.64,0.0,106741.64
2023-02-23,90.14,119.6,132.76,SELL,HOLD,106741.64,0.0,106741.64
2023-02-24,88.4,117.41,130.9,SELL,HOLD,106741.64,0.0,106741.64
2023-02-27,89.13,115.45,128.93,SELL,HOLD,106741.64,0.0,106741.64
2023-02-28,89.32,113.72,126.91,SELL,HOLD,106741.64,0.0,106741.64
2023-03-01,89.62,112.27,124.88,SELL,HOLD,106741.64,0.0,106741.64
2023-03-02,91.25,111.11,122.88,SELL,HOLD,106741.64,0.0,106741.64
2023-03-03,92.88,110.27,120.96,SELL,HOLD,106741.64,0.0,106741.64
2023-03-06,94.35,109.75,119.15,SELL,HOLD,106741.64,0.0,106741.64
2023-03-07,93.09,109.55,117.5,SELL,HOLD,106741.64,0.0,106741.64
2023-03-08,93.48,109.66,116.04,SELL,HOLD,106741.64,0.0,106741.64
2023-03-09,91.56,110.08,114.78,SELL,HOLD,106741.64,0.0,106741.64
2023-03-10,89.89,110.75,113.76,SELL,HOLD,106741.64,0.0,106741.64
2023-03-13,90.36,111.64,112.98,SELL,HOLD,106741.64,0.0,106741.64
2023-03-14,93.2,112.72,112.45,BUY,BUY,0.0,1144.1548,106634.89
2023-03-15,95.32,113.98,112.17,BUY,HOLD,0.0,1144.1548,109063.31
2023-03-16,99.5,115.35,112.13,BUY,HOLD,0.0,1144.1548,113840.72
2023-03-17,100.79,116.79,112.32,BUY,HOLD,0.0,1144.1548,115315.93
2023-03-20,100.39,118.25,112.73,BUY,HOLD,0.0,1144.1548,114862.02
2023-03-21,104.06,119.71,113.32,BUY,HOLD,0.0,1144.1548,119060.68
2023-03-22,102.52,121.11,114.09,BUY,HOLD,0.0,1144.1548,117301.8
2023-03-23,104.73,122.43,114.99,BUY,HOLD,0.0,1144.1548,119832.33
2023-03-24,104.58,123.61,115.99,BUY,HOLD,0.0,1144.1548,119650.77
2023-03-27,101.62,124.63,117.07,BUY,HOLD,0.0,1144.1548,116269.15
2023-03-28,100.2,125.47,118.18,BUY,HOLD,0.0,1144.1548,114646.4
2023-03-29,100.56,126.11,119.28,BUY,HOLD,0.0,1144.1548,115054.93
2023-03-30,100.06,126.53,120.36,BUY,HOLD,0.0,1144.1548,114487.54
2023-03-31,102.88,126.7,121.37,BUY,HOLD,0.0,1144.1548,117710.31
2023-04-03,103.5,126.64,122.28,BUY,HOLD,0.0,1144.1548,118425.22
2023-04-04,103.86,126.36,123.08,BUY,HOLD,0.0,1144.1548,118833.73
2023-04-05,103.61,125.84,123.74,BUY,HOLD,0.0,1144.1548,118550.05
2023-04-06,107.53,125.11,124.24,BUY,HOLD,0.0,1144.1548,123032.42
2023-04-10,105.57,124.17,124.56,SELL,SELL,120664.78,0.0,120664.78
2023-04-11,104.49,123.07,124.7,SELL,HOLD,120664.78,0.0,120664.78
2023-04-12,103.78,121.83,124.66,SELL,HOLD,120664.78,0.0,120664.78
2023-04-13,106.55,120.48,124.43,SELL,HOLD,120664.78,0.0,120664.78
2023-04-14,107.98,119.06,124.03,SELL,HOLD,120664.78,0.0,120664.78
2023-04-17,105.1,117.59,123.45,SELL,HOLD,120664.78,0.0,120664.78
2023-04-18,103.64,116.11,122.73,SELL,HOLD,120664.78,0.0,120664.78
2023-04-19,103.33,114.68,121.87,SELL,HOLD,120664.78,0.0,120664.78
2023-04-20,104.43,113.34,120.9,SELL,HOLD,120664.78,0.0,120664.78
2023-04-21,104.55,112.12,119.85,SELL,HOLD,120664.78,0.0,120664.78
2023-04-24,105.1,111.06,118.74,SELL,HOLD,120664.78,0.0,120664.78
2023-04-25,103.0,110.2,117.61,SELL,HOLD,120664.78,0.0,120664.78
2023-04-26,102.86,109.55,116.49,SELL,HOLD,120664.78,0.0,120664.78
2023-04-27,106.71,109.17,115.41,SELL,HOLD,120664.78,0.0,120664.78
2023-04-28,106.46,109.06,114.4,SELL,HOLD,120664.78,0.0,120664.78
2023-05-01,106.32,109.26,113.5,SELL,HOLD,120664.78,0.0,120664.78
2023-05-02,104.46,109.77,112.75,SELL,HOLD,120664.78,0.0,120664.78
2023-05-03,104.55,110.57,112.15,SELL,HOLD,120664.78,0.0,120664.78
2023-05-04,103.83,111.68,111.75,HOLD,HOLD,120664.78,0.0,120664.78
2023-05-05,104.7,113.08,111.55,BUY,BUY,0.0,1151.2779,120544.11
2023-05-08,106.89,114.76,111.59,BUY,HOLD,0.0,1151.2779,123056.15
2023-05-09,106.47,116.69,111.86,BUY,HOLD,0.0,1151.2779,122576.59
2023-05-10,110.83,118.8,112.38,BUY,HOLD,0.0,1151.2779,127600.7
2023-05-11,115.61,121.09,113.14,BUY,HOLD,0.0,1151.2779,133104.36
2023-05-12,116.55,123.51,114.14,BUY,HOLD,0.0,1151.2779,134177.69
2023-05-15,115.55,126.03,115.37,BUY,HOLD,0.0,1151.2779,133035.85
2023-05-16,118.53,128.58,116.81,BUY,HOLD,0.0,1151.2779,136461.39
2023-05-17,119.85,131.12,118.45,BUY,HOLD,0.0,1151.2779,137980.03
2023-05-18,121.82,133.62,120.26,BUY,HOLD,0.0,1151.2779,140252.29
2023-05-19,121.75,136.01,122.2,BUY,HOLD,0.0,1151.2779,140172.36
2023-05-22,124.02,138.24,124.25,BUY,HOLD,0.0,1151.2779,142787.18
2023-05-23,121.56,140.28,126.36,BUY,HOLD,0.0,1151.2779,139943.98
2023-05-24,119.91,142.08,128.5,BUY,HOLD,0.0,1151.2779,138048.54
2023-05-25,122.47,143.63,130.64,BUY,HOLD,0.0,1151.2779,140994.48
2023-05-26,123.59,144.88,132.72,BUY,HOLD,0.0,1151.2779,142284.77
2023-05-30,122.66,145.83,134.72,BUY,HOLD,0.0,1151.2779,141211.43
2023-05-31,121.86,146.46,136.59,BUY,HOLD,0.0,1151.2779,140297.96
2023-06-01,122.71,146.74,138.31,BUY,HOLD,0.0,1151.2779,141268.53
2023-06-02,123.65,146.68,139.84,BUY,HOLD,0.0,1151.2779,142353.27
2023-06-05,124.98,146.27,141.14,BUY,HOLD,0.0,1151.2779,143883.34
2023-06-06,126.27,145.57,142.22,BUY,HOLD,0.0,1151.2779,145367.72
2023-06-07,121.5,144.55,143.03,BUY,HOLD,0.0,1151.2779,139875.48
2023-06-08,121.14,143.26,143.57,SELL,SELL,139324.96,0.0,139324.96
2023-06-09,121.23,141.69,143.83,SELL,HOLD,139324.96,0.0,139324.96
2023-06-12,122.63,139.89,143.81,SELL,HOLD,139324.96,0.0,139324.96
2023-06-13,122.81,137.88,143.5,SELL,HOLD,139324.96,0.0,139324.96
2023-06-14,122.66,135.7,142.91,SELL,HOLD,139324.96,0.0,139324.96
2023-06-15,124.06,133.36,142.06,SELL,HOLD,139324.96,0.0,139324.96
2023-06-16,122.52,130.92,140.96,SELL,HOLD,139324.96,0.0,139324.96
2023-06-20,122.09,128.41,139.62,SELL,HOLD,139324.96,0.0,139324.96
2023-06-21,119.56,125.88,138.07,SELL,HOLD,139324.96,0.0,139324.96
2023-06-22,122.14,123.34,136.34,SELL,HOLD,139324.96,0.0,139324.96
2023-06-23,121.34,120.85,134.44,SELL,HOLD,139324.96,0.0,139324.96
2023-06-26,117.37,118.41,132.42,SELL,HOLD,139324.96,0.0,139324.96
2023-06-27,117.36,116.11,130.3,SELL,HOLD,139324.96,0.0,139324.96
2023-06-28,119.19,113.92,128.11,SELL,HOLD,139324.96,0.0,139324.96
2023-06-29,118.12,111.91,125.89,SELL,HOLD,139324.96,0.0,139324.96
2023-06-30,118.72,110.06,123.66,SELL,HOLD,139324.96,0.0,139324.96
2023-07-03,118.92,108.44,121.46,SELL,HOLD,139324.96,0.0,139324.96
2023-07-05,120.75,107.04,119.32,SELL,HOLD,139324.96,0.0,139324.96
2023-07-06,119.13,105.89,117.26,SELL,HOLD,139324.96,0.0,139324.96
2023-07-07,118.5,104.98,115.32,SELL,HOLD,139324.96,0.0,139324.96
2023-07-10,115.5,104.33,113.51,SELL,HOLD,139324.96,0.0,139324.96
2023-07-11,116.18,103.93,111.86,SELL,HOLD,139324.96,0.0,139324.96
2023-07-12,117.96,103.77,110.39,SELL,HOLD,139324.96,0.0,139324.96
2023-07-13,123.52,103.86,109.11,SELL,HOLD,139324.96,0.0,139324.96
2023-07-14,124.39,104.15,108.03,SELL,HOLD,139324.96,0.0,139324.96
2023-07-17,123.63,104.67,107.16,SELL,HOLD,139324.96,0.0,139324.96
2023-07-18,122.75,105.37,106.5,SELL,HOLD,139324.96,0.0,139324.96
2023-07-19,121.03,106.25,106.06,HOLD,HOLD,139324.96,0.0,139324.96
2023-07-20,118.22,107.27,105.83,BUY,BUY,0.0,1177.3155,139185.63
2023-07-21,119.04,108.39,105.8,BUY,HOLD,0.0,1177.3155,140143.12
2023-07-24,120.53,109.6,105.96,BUY,HOLD,0.0,1177.3155,141906.3
2023-07-25,121.21,110.84,106.3,BUY,HOLD,0.0,1177.3155,142700.3
2023-07-26,128.21,112.1,106.81,BUY,HOLD,0.0,1177.3155,150944.04
2023-07-27,128.34,113.34,107.45,BUY,HOLD,0.0,1177.3155,151095.78
2023-07-28,131.49,114.57,108.22,BUY,HOLD,0.0,1177.3155,154808.99
2023-07-31,131.63,115.74,109.09,BUY,HOLD,0.0,1177.3155,154972.47
2023-08-01,130.47,116.86,110.04,BUY,HOLD,0.0,1177.3155,153606.31
2023-08-02,127.33,117.9,111.05,BUY,HOLD,0.0,1177.3155,149904.8
2023-08-03,127.4,118.86,112.09,BUY,HOLD,0.0,1177.3155,149986.54
2023-08-04,127.06,119.72,113.15,BUY,HOLD,0.0,1177.3155,149589.52
2023-08-07,130.45,120.48,114.21,BUY,HOLD,0.0,1177.3155,153582.94
2023-08-08,130.32,121.15,115.25,BUY,HOLD,0.0,1177.3155,153431.12
2023-08-09,128.6,121.73,116.25,BUY,HOLD,0.0,1177.3155,151399.4
2023-08-10,128.63,122.26,117.21,BUY,HOLD,0.0,1177.3155,151434.47
2023-08-11,128.5,122.74,118.12,BUY,HOLD,0.0,1177.3155,151282.65
2023-08-14,130.25,123.18,118.97,BUY,HOLD,0.0,1177.3155,153349.36
2023-08-15,128.72,123.6,119.76,BUY,HOLD,0.0,1177.3155,151539.52
2023-08-16,127.65,124.0,120.5,BUY,HOLD,0.0,1177.3155,150278.46
2023-08-17,128.86,124.41,121.18,BUY,HOLD,0.0,1177.3155,151703.0
2023-08-18,126.42,124.81,121.81,BUY,HOLD,0.0,1177.3155,148830.56
2023-08-21,127.32,125.24,122.4,BUY,HOLD,0.0,1177.3155,149893.11
2023-08-22,128.02,125.7,122.95,BUY,HOLD,0.0,1177.3155,150722.18
2023-08-23,131.28,126.17,123.46,BUY,HOLD,0.0,1177.3155,154563.76
2023-08-24,128.72,126.66,123.96,BUY,HOLD,0.0,1177.3155,151539.52
2023-08-25,128.82,127.17,124.44,BUY,HOLD,0.0,1177.3155,151656.31
2023-08-28,129.94,127.7,124.91,BUY,HOLD,0.0,1177.3155,152975.72
2023-08-29,133.47,128.21,125.37,BUY,HOLD,0.0,1177.3155,157132.65
2023-08-30,134.77,128.71,125.84,BUY,HOLD,0.0,1177.3155,158662.3
2023-08-31,135.05,129.16,126.29,BUY,HOLD,0.0,1177.3155,159000.95
2023-09-01,134.55,129.59,126.74,BUY,HOLD,0.0,1177.3155,158405.41
2023-09-05,134.66,129.94,127.19,BUY,HOLD,0.0,1177.3155,158533.84
2023-09-06,133.36,130.24,127.62,BUY,HOLD,0.0,1177.3155,157004.2
2023-09-07,134.15,130.47,128.04,BUY,HOLD,0.0,1177.3155,157938.32
2023-09-08,135.26,130.64,128.43,BUY,HOLD,0.0,1177.3155,159246.13
2023-09-11,135.8,130.72,128.8,BUY,HOLD,0.0,1177.3155,159876.66
2023-09-12,134.23,130.74,129.13,BUY,HOLD,0.0,1177.3155,158031.75
2023-09-13,135.59,130.68,129.43,BUY,HOLD,0.0,1177.3155,159631.45
2023-09-14,136.97,130.58,129.68,BUY,HOLD,0.0,1177.3155,161254.49
2023-09-15,136.27,130.43,129.89,BUY,HOLD,0.0,1177.3155,160437.13
2023-09-18,137.08,130.26,130.05,HOLD,HOLD,0.0,1177.3155,161382.96
2023-09-19,136.91,130.1,130.16,HOLD,HOLD,0.0,1177.3155,161184.43
2023-09-20,132.64,129.95,130.24,SELL,SELL,156007.32,0.0,156007.32
2023-09-21,129.37,129.82,130.27,SELL,HOLD,156007.32,0.0,156007.32
2023-09-22,129.18,129.73,130.27,SELL,HOLD,156007.32,0.0,156007.32
2023-09-25,130.04,129.67,130.25,SELL,HOLD,156007.32,0.0,156007.32
2023-09-26,127.52,129.67,130.21,SELL,HOLD,156007.32,0.0,156007.32
2023-09-27,129.47,129.72,130.17,SELL,HOLD,156007.32,0.0,156007.32
2023-09-28,131.23,129.81,130.12,SELL,HOLD,156007.32,0.0,156007.32
2023-09-29,129.79,129.93,130.07,HOLD,HOLD,156007.32,0.0,156007.32
2023-10-02,133.07,130.09,130.04,HOLD,HOLD,156007.32,0.0,156007.32
2023-10-03,131.34,130.25,130.02,HOLD,HOLD,156007.32,0.0,156007.32
2023-10-04,134.13,130.4,130.02,BUY,BUY,0.0,1161.9301,155851.32
2023-10-05,133.96,130.5,130.03,BUY,HOLD,0.0,1161.9301,155655.39
2023-10-06,136.45,130.53,130.04,BUY,HOLD,0.0,1161.9301,158547.96
2023-10-09,137.29,130.48,130.06,BUY,HOLD,0.0,1161.9301,159515.93
2023-10-10,136.93,130.29,130.07,HOLD,HOLD,0.0,1161.9301,159101.11
2023-10-11,139.4,129.97,130.05,HOLD,HOLD,0.0,1161.9301,161970.58
2023-10-12,137.83,129.51,130.0,SELL,SELL,159989.61,0.0,159989.61
2023-10-13,136.23,128.9,129.9,SELL,HOLD,159989.61,0.0,159989.61
2023-10-16,137.96,128.12,129.74,SELL,HOLD,159989.61,0.0,159989.61
2023-10-17,138.57,127.18,129.5,SELL,HOLD,159989.61,0.0,159989.61
2023-10-18,136.83,126.08,129.17,SELL,HOLD,159989.61,0.0,159989.61
2023-10-19,136.62,124.85,128.75,SELL,HOLD,159989.61,0.0,159989.61
2023-10-20,134.49,123.53,128.22,SELL,HOLD,159989.61,0.0,159989.61
2023-10-23,135.38,122.13,127.58,SELL,HOLD,159989.61,0.0,159989.61
2023-10-24,137.67,120.7,126.84,SELL,HOLD,159989.61,0.0,159989.61
2023-10-25,124.58,119.26,125.99,SELL,HOLD,159989.61,0.0,159989.61
2023-10-26,121.28,117.87,125.05,SELL,HOLD,159989.61,0.0,159989.61
2023-10-27,121.17,116.54,124.04,SELL,HOLD,159989.61,0.0,159989.61
2023-10-30,123.44,115.31,122.96,SELL,HOLD,159989.61,0.0,159989.61
2023-10-31,123.06,114.23,121.84,SELL,HOLD,159989.61,0.0,159989.61
2023-11-01,125.41,113.3,120.7,SELL,HOLD,159989.61,0.0,159989.61
2023-11-02,126.44,112.56,119.57,SELL,HOLD,159989.61,0.0,159989.61
2023-11-03,128.04,112.0,118.46,SELL,HOLD,159989.61,0.0,159989.61
2023-11-06,129.18,111.65,117.41,SELL,HOLD,159989.61,0.0,159989.61
2023-11-07,129.9,111.48,116.43,SELL,HOLD,159989.61,0.0,159989.61
2023-11-08,130.76,111.52,115.55,SELL,HOLD,159989.61,0.0,159989.61
2023-11-09,129.17,111.72,114.78,SELL,HOLD,159989.61,0.0,159989.61
2023-11-10,131.5,112.06,114.14,SELL,HOLD,159989.61,0.0,159989.61
2023-11-13,131.01,112.5,113.62,SELL,HOLD,159989.61,0.0,159989.61
2023-11-14,132.52,113.02,113.24,HOLD,HOLD,159989.61,0.0,159989.61
2023-11-15,133.52,113.6,113.0,BUY,BUY,0.0,1197.078,159829.62
2023-11-16,135.81,114.18,112.89,BUY,HOLD,0.0,1197.078,162572.24
2023-11-17,134.2,114.76,112.89,BUY,HOLD,0.0,1197.078,160648.85
2023-11-20,135.13,115.29,113.0,BUY,HOLD,0.0,1197.078,161764.9
2023-11-21,135.85,115.77,113.19,BUY,HOLD,0.0,1197.078,162619.75
2023-11-22,137.35,116.15,113.46,BUY,HOLD,0.0,1197.078,164424.35
2023-11-24,135.57,116.41,113.77,BUY,HOLD,0.0,1197.078,162287.29
2023-11-27,135.29,116.56,114.11,BUY,HOLD,0.0,1197.078,161954.89
2023-11-28,136.08,116.6,114.45,BUY,HOLD,0.0,1197.078,162892.81
2023-11-29,133.88,116.55,114.78,BUY,HOLD,0.0,1197.078,160268.96
2023-11-30,131.44,116.4,115.08,BUY,HOLD,0.0,1197.078,157348.25
2023-12-01,130.78,116.17,115.34,BUY,HOLD,0.0,1197.078,156552.8
2023-12-04,128.21,115.87,115.55,BUY,HOLD,0.0,1197.078,153477.8
2023-12-05,129.92,115.54,115.69,HOLD,HOLD,0.0,1197.078,155519.9
2023-12-06,128.95,115.19,115.78,SELL,SELL,154213.88,0.0,154213.88
2023-12-07,135.81,114.85,115.8,SELL,HOLD,154213.88,0.0,154213.88
2023-12-08,133.88,114.54,115.76,SELL,HOLD,154213.88,0.0,154213.88
2023-12-11,132.2,114.28,115.68,SELL,HOLD,154213.88,0.0,154213.88
2023-12-12,131.43,114.1,115.56,SELL,HOLD,154213.88,0.0,154213.88
2023-12-13,131.48,114.0,115.41,SELL,HOLD,154213.88,0.0,154213.88
2023-12-14,130.86,114.03,115.26,SELL,HOLD,154213.88,0.0,154213.88
2023-12-15,131.51,114.18,115.11,SELL,HOLD,154213.88,0.0,154213.88
2023-12-18,134.69,114.48,114.99,SELL,HOLD,154213.88,0.0,154213.88
2023-12-19,135.53,114.91,114.92,HOLD,HOLD,154213.88,0.0,154213.88
2023-12-20,137.21,115.47,114.9,BUY,BUY,0.0,1122.8349,154059.67
2023-12-21,139.27,116.2,114.95,BUY,HOLD,0.0,1122.8349,156376.03
2023-12-22,140.33,117.04,115.09,BUY,HOLD,0.0,1122.8349,157567.6
2023-12-26,140.36,118.01,115.32,BUY,HOLD,0.0,1122.8349,157601.04
2023-12-27,139.22,119.1,115.66,BUY,HOLD,0.0,1122.8349,156320.36
2023-12-28,139.08,120.31,116.12,BUY,HOLD,0.0,1122.8349,156164.45
2023-12-29,138.54,121.64,116.68,BUY,HOLD,0.0,1122.8349,155563.08
2024-01-02,137.04,123.05,117.37,BUY,HOLD,0.0,1122.8349,153870.36
2024-01-03,137.78,124.53,118.16,BUY,HOLD,0.0,1122.8349,154705.58
2024-01-04,135.27,126.08,119.08,BUY,HOLD,0.0,1122.8349,151888.08
2024-01-05,134.62,127.69,120.1,BUY,HOLD,0.0,1122.8349,151153.1
2024-01-08,137.7,129.35,121.23,BUY,HOLD,0.0,1122.8349,154616.49
2024-01-09,139.79,131.04,122.45,BUY,HOLD,0.0,1122.8349,156966.26
2024-01-10,141.11,132.74,123.76,BUY,HOLD,0.0,1122.8349,158447.38
2024-01-11,140.92,134.43,125.13,BUY,HOLD,0.0,1122.8349,158224.67
2024-01-12,141.48,136.1,126.57,BUY,HOLD,0.0,1122.8349,158859.42
2024-01-16,141.32,137.74,128.06,BUY,HOLD,0.0,1122.8349,158681.25
2024-01-17,140.31,139.3,129.58,BUY,HOLD,0.0,1122.8349,157545.36
2024-01-18,142.3,140.79,131.13,BUY,HOLD,0.0,1122.8349,159783.73
2024-01-19,145.18,142.18,132.68,BUY,HOLD,0.0,1122.8349,163013.29
2024-01-22,144.79,143.43,134.21,BUY,HOLD,0.0,1122.8349,162578.98
2024-01-23,145.83,144.54,135.71,BUY,HOLD,0.0,1122.8349,163748.26
2024-01-24,147.48,145.47,137.16,BUY,HOLD,0.0,1122.8349,165596.89
2024-01-25,150.63,146.25,138.55,BUY,HOLD,0.0,1122.8349,169127.1
2024-01-26,150.94,146.78,139.85,BUY,HOLD,0.0,1122.8349,169483.48
2024-01-29,152.25,147.09,141.04,BUY,HOLD,0.0,1122.8349,170953.45
2024-01-30,150.22,147.13,142.11,BUY,HOLD,0.0,1122.8349,168670.5
2024-01-31,138.95,146.92,143.03,BUY,HOLD,0.0,1122.8349,156019.66
2024-02-01,140.0,146.44,143.78,BUY,HOLD,0.0,1122.8349,157200.13
2024-02-02,141.21,145.67,144.36,BUY,HOLD,0.0,1122.8349,158558.77
2024-02-05,142.5,144.62,144.73,HOLD,HOLD,0.0,1122.8349,160006.43
2024-02-06,142.92,143.25,144.89,SELL,SELL,160313.74,0.0,160313.74
2024-02-07,144.35,141.61,144.82,SELL,HOLD,160313.74,0.0,160313.74
2024-02-08,144.71,139.69,144.51,SELL,HOLD,160313.74,0.0,160313.74
2024-02-09,147.78,137.52,143.95,SELL,HOLD,160313.74,0.0,160313.74
2024-02-12,146.32,135.11,143.15,SELL,HOLD,160313.74,0.0,160313.74
2024-02-13,143.95,132.49,142.1,SELL,HOLD,160313.74,0.0,160313.74
2024-02-14,144.74,129.72,140.8,SELL,HOLD,160313.74,0.0,160313.74
2024-02-15,141.6,126.79,139.26,SELL,HOLD,160313.74,0.0,160313.74
2024-02-16,139.37,123.76,137.5,SELL,HOLD,160313.74,0.0,160313.74
2024-02-20,139.96,120.69,135.52,SELL,HOLD,160313.74,0.0,160313.74
2024-02-21,141.38,117.61,133.36,SELL,HOLD,160313.74,0.0,160313.74
2024-02-22,142.91,114.57,131.03,SELL,HOLD,160313.74,0.0,160313.74
2024-02-23,142.78,111.63,128.56,SELL,HOLD,160313.74,0.0,160313.74
2024-02-26,136.44,108.87,126.0,SELL,HOLD,160313.74,0.0,160313.74
2024-02-27,137.74,106.28,123.36,SELL,HOLD,160313.74,0.0,160313.74
2024-02-28,135.26,103.94,120.7,SELL,HOLD,160313.74,0.0,160313.74
2024-02-29,137.33,101.86,118.05,SELL,HOLD,160313.74,0.0,160313.74
2024-03-01,136.02,100.12,115.45,SELL,HOLD,160313.74,0.0,160313.74
2024-03-04,132.26,98.72,112.94,SELL,HOLD,160313.74,0.0,160313.74
2024-03-05,131.58,97.71,110.57,SELL,HOLD,160313.74,0.0,160313.74
2024-03-06,130.32,97.1,108.37,SELL,HOLD,160313.74,0.0,160313.74
2024-03-07,133.28,96.86,106.37,SELL,HOLD,160313.74,0.0,160313.74
2024-03-08,134.3,97.02,104.62,SELL,HOLD,160313.74,0.0,160313.74
2024-03-11,136.54,97.56,103.13,SELL,HOLD,160313.74,0.0,160313.74
2024-03-12,137.36,98.49,101.93,SELL,HOLD,160313.74,0.0,160313.74
2024-03-13,138.64,99.74,101.04,SELL,HOLD,160313.74,0.0,160313.74
2024-03-14,141.93,101.29,100.47,BUY,BUY,0.0,1128.4214,160153.43
2024-03-15,140.02,103.08,100.22,BUY,HOLD,0.0,1128.4214,158004.61
2024-03-18,146.47,105.07,100.28,BUY,HOLD,0.0,1128.4214,165279.24
2024-03-19,145.82,107.19,100.65,BUY,HOLD,0.0,1128.4214,164551.77
2024-03-20,147.52,109.46,101.32,BUY,HOLD,0.0,1128.4214,166465.55
2024-03-21,146.39,111.77,102.26,BUY,HOLD,0.0,1128.4214,165189.74
2024-03-22,149.53,114.12,103.45,BUY,HOLD,0.0,1128.4214,168737.49
2024-03-25,148.84,116.37,104.85,BUY,HOLD,0.0,1128.4214,167954.08
2024-03-26,149.43,118.54,106.43,BUY,HOLD,0.0,1128.4214,168625.56
2024-03-27,149.63,120.55,108.14,BUY,HOLD,0.0,1128.4214,168849.39
2024-03-28,149.69,122.41,109.96,BUY,HOLD,0.0,1128.4214,168916.53
2024-04-01,154.22,124.08,111.84,BUY,HOLD,0.0,1128.4214,174019.98
2024-04-02,153.29,125.53,113.74,BUY,HOLD,0.0,1128.4214,172979.11
2024-04-03,153.65,126.72,115.61,BUY,HOLD,0.0,1128.4214,173382.04
2024-04-04,149.3,127.69,117.43,BUY,HOLD,0.0,1128.4214,168468.89
2024-04-05,151.25,128.42,119.16,BUY,HOLD,0.0,1128.4214,170673.64
2024-04-08,153.58,128.94,120.78,BUY,HOLD,0.0,1128.4214,173303.69
2024-04-09,155.32,129.24,122.27,BUY,HOLD,0.0,1128.4214,175262.23
2024-04-10,154.86,129.36,123.59,BUY,HOLD,0.0,1128.4214,174747.38
2024-04-11,158.1,129.31,124.75,BUY,HOLD,0.0,1128.4214,178407.11
2024-04-12,156.44,129.13,125.74,BUY,HOLD,0.0,1128.4214,176526.9
2024-04-15,153.59,128.85,126.54,BUY,HOLD,0.0,1128.4214,173314.89
2024-04-16,153.13,128.49,127.17,BUY,HOLD,0.0,1128.4214,172800.06
2024-04-17,154.2,128.11,127.65,BUY,HOLD,0.0,1128.4214,173997.56
2024-04-18,154.73,127.71,127.97,SELL,SELL,174427.32,0.0,174427.32
2024-04-19,152.83,127.32,128.16,SELL,HOLD,174427.32,0.0,174427.32
2024-04-22,155.0,126.94,128.22,SELL,HOLD,174427.32,0.0,174427.32
2024-04-23,156.96,126.61,128.19,SELL,HOLD,174427.32,0.0,174427.32
2024-04-24,157.83,126.34,128.08,SELL,HOLD,174427.32,0.0,174427.32
2024-04-25,154.72,126.14,127.91,SELL,HOLD,174427.32,0.0,174427.32
2024-04-26,170.54,125.99,127.7,SELL,HOLD,174427.32,0.0,174427.32
2024-04-29,164.79,125.91,127.47,SELL,HOLD,174427.32,0.0,174427.32
2024-04-30,161.45,125.9,127.24,SELL,HOLD,174427.32,0.0,174427.32
2024-05-01,162.52,125.9,127.01,SELL,HOLD,174427.32,0.0,174427.32
2024-05-02,165.25,125.93,126.8,SELL,HOLD,174427.32,0.0,174427.32
2024-05-03,165.87,125.96,126.61,SELL,HOLD,174427.32,0.0,174427.32
2024-05-06,166.72,125.98,126.44,SELL,HOLD,174427.32,0.0,174427.32
2024-05-07,169.85,125.96,126.29,SELL,HOLD,174427.32,0.0,174427.32
2024-05-08,167.99,125.9,126.17,SELL,HOLD,174427.32,0.0,174427.32
2024-05-09,168.57,125.77,126.05,SELL,HOLD,174427.32,0.0,174427.32
2024-05-10,167.27,125.54,125.94,SELL,HOLD,174427.32,0.0,174427.32
2024-05-13,167.75,125.2,125.82,SELL,HOLD,174427.32,0.0,174427.32
2024-05-14,168.94,124.74,125.68,SELL,HOLD,174427.32,0.0,174427.32
2024-05-15,171.1,124.16,125.5,SELL,HOLD,174427.32,0.0,174427.32
2024-05-16,172.75,123.46,125.28,SELL,HOLD,174427.32,0.0,174427.32
2024-05-17,174.62,122.63,125.0,SELL,HOLD,174427.32,0.0,174427.32
2024-05-20,175.47,121.68,124.66,SELL,HOLD,174427.32,0.0,174427.32
2024-05-21,176.39,120.62,124.23,SELL,HOLD,174427.32,0.0,174427.32
2024-05-22,174.93,119.5,123.72,SELL,HOLD,174427.32,0.0,174427.32
2024-05-23,172.13,118.31,123.13,SELL,HOLD,174427.32,0.0,174427.32
2024-05-24,173.56,117.09,122.45,SELL,HOLD,174427.32,0.0,174427.32
2024-05-28,174.95,115.87,121.7,SELL,HOLD,174427.32,0.0,174427.32
2024-05-29,174.46,114.69,120.87,SELL,HOLD,174427.32,0.0,174427.32
2024-05-30,170.7,113.57,119.99,SELL,HOLD,174427.32,0.0,174427.32
2024-05-31,171.09,112.53,119.05,SELL,HOLD,174427.32,0.0,174427.32
2024-06-03,171.75,111.67,118.1,SELL,HOLD,174427.32,0.0,174427.32
2024-06-04,172.37,110.98,117.14,SELL,HOLD,174427.32,0.0,174427.32
2024-06-05,173.97,110.53,116.21,SELL,HOLD,174427.32,0.0,174427.32
2024-06-06,175.28,110.32,115.33,SELL,HOLD,174427.32,0.0,174427.32
2024-06-07,173.03,110.38,114.53,SELL,HOLD,174427.32,0.0,174427.32
2024-06-10,173.77,110.73,113.83,SELL,HOLD,174427.32,0.0,174427.32
2024-06-11,175.37,111.41,113.28,SELL,HOLD,174427.32,0.0,174427.32
2024-06-12,176.53,112.41,112.89,SELL,HOLD,174427.32,0.0,174427.32
2024-06-13,173.92,113.76,112.68,BUY,BUY,0.0,1001.8936,174252.89
2024-06-14,175.54,115.42,112.7,BUY,HOLD,0.0,1001.8936,175874.46
2024-06-17,175.99,117.38,112.94,BUY,HOLD,0.0,1001.8936,176322.13
2024-06-18,173.85,119.59,113.43,BUY,HOLD,0.0,1001.8936,174183.24
2024-06-20,175.06,122.03,114.17,BUY,HOLD,0.0,1001.8936,175387.0
2024-06-21,178.36,124.67,115.17,BUY,HOLD,0.0,1001.8936,178699.77
2024-06-24,177.95,127.51,116.42,BUY,HOLD,0.0,1001.8936,178291.88
2024-06-25,182.73,130.41,117.92,BUY,HOLD,0.0,1001.8936,183076.96
2024-06-26,182.58,133.35,119.64,BUY,HOLD,0.0,1001.8936,182927.72
2024-06-27,184.1,136.26,121.57,BUY,HOLD,0.0,1001.8936,184449.82
2024-06-28,180.86,139.09,123.67,BUY,HOLD,0.0,1001.8936,181206.7
2024-07-01,181.7,141.74,125.91,BUY,HOLD,0.0,1001.8936,182042.35
2024-07-02,183.93,144.18,128.26,BUY,HOLD,0.0,1001.8936,184280.68
2024-07-03,184.51,146.37,130.66,BUY,HOLD,0.0,1001.8936,184857.71
2024-07-05,189.25,148.24,133.08,BUY,HOLD,0.0,1001.8936,189612.95
2024-07-08,187.7,149.7,135.45,BUY,HOLD,0.0,1001.8936,188051.07
2024-07-09,187.65,150.74,137.73,BUY,HOLD,0.0,1001.8936,188001.32
2024-07-10,189.83,151.32,139.86,BUY,HOLD,0.0,1001.8936,190189.92
2024-07-11,184.26,151.45,141.82,BUY,HOLD,0.0,1001.8936,184609.0
2024-07-12,183.76,151.13,143.55,BUY,HOLD,0.0,1001.8936,184111.57
2024-07-15,185.21,150.34,145.0,BUY,HOLD,0.0,1001.8936,185563.99
2024-07-16,182.62,149.1,146.14,BUY,HOLD,0.0,1001.8936,182967.52
2024-07-17,179.74,147.43,146.95,BUY,HOLD,0.0,1001.8936,180082.58
2024-07-18,176.44,145.36,147.4,SELL,SELL,176593.03,0.0,176593.03
2024-07-19,176.41,142.95,147.48,SELL,HOLD,176593.03,0.0,176593.03
2024-07-22,180.39,140.26,147.18,SELL,HOLD,176593.03,0.0,176593.03
2024-07-23,180.51,137.36,146.52,SELL,HOLD,176593.03,0.0,176593.03
2024-07-24,171.41,134.31,145.5,SELL,HOLD,176593.03,0.0,176593.03
2024-07-25,166.1,131.16,144.14,SELL,HOLD,176593.03,0.0,176593.03
2024-07-26,165.82,127.97,142.47,SELL,HOLD,176593.03,0.0,176593.03
2024-07-29,168.33,124.85,140.53,SELL,HOLD,176593.03,0.0,176593.03
2024-07-30,169.09,121.8,138.35,SELL,HOLD,176593.03,0.0,176593.03
2024-07-31,170.33,118.92,135.99,SELL,HOLD,176593.03,0.0,176593.03
2024-08-01,169.55,116.21,133.48,SELL,HOLD,176593.03,0.0,176593.03
2024-08-02,165.48,113.77,130.88,SELL,HOLD,176593.03,0.0,176593.03
2024-08-05,158.13,111.57,128.24,SELL,HOLD,176593.03,0.0,176593.03
2024-08-06,157.17,109.67,125.6,SELL,HOLD,176593.03,0.0,176593.03
2024-08-07,157.82,108.06,123.01,SELL,HOLD,176593.03,0.0,176593.03
2024-08-08,160.89,106.76,120.52,SELL,HOLD,176593.03,0.0,176593.03
2024-08-09,162.51,105.73,118.15,SELL,HOLD,176593.03,0.0,176593.03
2024-08-12,161.14,104.96,115.95,SELL,HOLD,176593.03,0.0,176593.03
2024-08-13,163.0,104.43,113.93,SELL,HOLD,176593.03,0.0,176593.03
2024-08-14,159.24,104.13,112.12,SELL,HOLD,176593.03,0.0,176593.03
2024-08-15,160.16,103.98,110.52,SELL,HOLD,176593.03,0.0,176593.03
2024-08-16,161.81,104.0,109.14,SELL,HOLD,176593.03,0.0,176593.03
2024-08-19,165.49,104.11,107.97,SELL,HOLD,176593.03,0.0,176593.03
2024-08-20,166.0,104.33,107.02,SELL,HOLD,176593.03,0.0,176593.03
2024-08-21,164.68,104.56,106.27,SELL,HOLD,176593.03,0.0,176593.03
2024-08-22,162.64,104.84,105.69,SELL,HOLD,176593.03,0.0,176593.03
2024-08-23,164.45,105.1,105.29,HOLD,HOLD,176593.03,0.0,176593.03
2024-08-26,164.99,105.39,105.03,BUY,BUY,0.0,1069.2743,176416.43
2024-08-27,163.52,105.67,104.89,BUY,HOLD,0.0,1069.2743,174845.06
2024-08-28,161.7,105.95,104.86,BUY,HOLD,0.0,1069.2743,172902.12
2024-08-29,160.64,106.23,104.92,BUY,HOLD,0.0,1069.2743,171766.1
2024-08-30,162.23,106.55,105.06,BUY,HOLD,0.0,1069.2743,173464.85
2024-09-03,156.25,106.89,105.25,BUY,HOLD,0.0,1069.2743,167073.26
2024-09-04,155.35,107.32,105.5,BUY,HOLD,0.0,1069.2743,166107.08
2024-09-05,156.13,107.82,105.8,BUY,HOLD,0.0,1069.2743,166945.86
2024-09-06,149.85,108.46,106.15,BUY,HOLD,0.0,1069.2743,160235.75
2024-09-09,147.86,109.21,106.54,BUY,HOLD,0.0,1069.2743,158098.83
2024-09-10,147.81,110.1,107.0,BUY,HOLD,0.0,1069.2743,158045.69
2024-09-11,150.29,111.15,107.51,BUY,HOLD,0.0,1069.2743,160703.52
2024-09-12,153.8,112.37,108.1,BUY,HOLD,0.0,1069.2743,164456.39
2024-09-13,156.56,113.76,108.78,BUY,HOLD,0.0,1069.2743,167401.28
2024-09-16,157.15,115.31,109.55,BUY,HOLD,0.0,1069.2743,168039.14
2024-09-17,158.41,117.0,110.43,BUY,HOLD,0.0,1069.2743,169378.7
2024-09-18,158.89,118.8,111.41,BUY,HOLD,0.0,1069.2743,169899.65
2024-09-19,161.21,120.67,112.5,BUY,HOLD,0.0,1069.2743,172376.72
2024-09-20,162.65,122.6,113.7,BUY,HOLD,0.0,1069.2743,173918.3
2024-09-23,160.92,124.56,115.01,BUY,HOLD,0.0,1069.2743,172068.43
2024-09-24,161.36,126.53,116.43,BUY,HOLD,0.0,1069.2743,172536.2
2024-09-25,160.56,128.46,117.93,BUY,HOLD,0.0,1069.2743,171685.69
2024-09-26,161.8,130.28,119.5,BUY,HOLD,0.0,1069.2743,173003.98
2024-09-27,163.01,131.95,121.12,BUY,HOLD,0.0,1069.2743,174301.0
2024-09-30,164.9,133.47,122.78,BUY,HOLD,0.0,1069.2743,176320.97
2024-10-01,166.03,134.8,124.44,BUY,HOLD,0.0,1069.2743,177532.96
2024-10-02,164.91,135.94,126.08,BUY,HOLD,0.0,1069.2743,176331.61
2024-10-03,164.91,136.88,127.68,BUY,HOLD,0.0,1069.2743,176331.61
2024-10-04,166.1,137.63,129.21,BUY,HOLD,0.0,1069.2743,177607.36
2024-10-07,162.04,138.17,130.65,BUY,HOLD,0.0,1069.2743,173269.75
2024-10-08,163.44,138.5,131.98,BUY,HOLD,0.0,1069.2743,174758.16
2024-10-09,160.93,138.65,133.18,BUY,HOLD,0.0,1069.2743,172079.05
2024-10-10,161.15,138.65,134.25,BUY,HOLD,0.0,1069.2743,172312.97
2024-10-11,162.3,138.51,135.16,BUY,HOLD,0.0,1069.2743,173546.19
2024-10-14,164.01,138.3,135.93,BUY,HOLD,0.0,1069.2743,175374.78
2024-10-15,164.51,138.01,136.54,BUY,HOLD,0.0,1069.2743,175906.35
2024-10-16,164.21,137.69,137.01,BUY,HOLD,0.0,1069.2743,175587.43
2024-10-17,161.99,137.32,137.34,HOLD,HOLD,0.0,1069.2743,173216.61
2024-10-18,162.48,136.96,137.55,SELL,SELL,173563.8,0.0,173563.8
2024-10-21,163.13,136.6,137.64,SELL,HOLD,173563.8,0.0,173563.8
2024-10-22,164.19,136.26,137.63,SELL,HOLD,173563.8,0.0,173563.8
2024-10-23,161.85,135.94,137.55,SELL,HOLD,173563.8,0.0,173563.8
2024-10-24,161.79,135.63,137.39,SELL,HOLD,173563.8,0.0,173563.8
2024-10-25,164.32,135.31,137.17,SELL,HOLD,173563.8,0.0,173563.8
2024-10-28,165.76,134.95,136.9,SELL,HOLD,173563.8,0.0,173563.8
2024-10-29,168.71,134.55,136.6,SELL,HOLD,173563.8,0.0,173563.8
2024-10-30,173.46,134.06,136.25,SELL,HOLD,173563.8,0.0,173563.8
2024-10-31,170.13,133.44,135.86,SELL,HOLD,173563.8,0.0,173563.8
2024-11-01,170.31,132.67,135.43,SELL,HOLD,173563.8,0.0,173563.8
2024-11-04,168.27,131.72,134.94,SELL,HOLD,173563.8,0.0,173563.8
2024-11-05,168.77,130.57,134.37,SELL,HOLD,173563.8,0.0,173563.8
2024-11-06,175.5,129.18,133.73,SELL,HOLD,173563.8,0.0,173563.8
2024-11-07,179.71,127.54,132.98,SELL,HOLD,173563.8,0.0,173563.8
2024-11-08,177.33,125.67,132.12,SELL,HOLD,173563.8,0.0,173563.8
2024-11-11,179.31,123.58,131.12,SELL,HOLD,173563.8,0.0,173563.8
2024-11-12,180.58,121.29,129.98,SELL,HOLD,173563.8,0.0,173563.8
2024-11-13,177.85,118.8,128.69,SELL,HOLD,173563.8,0.0,173563.8
2024-11-14,174.57,116.16,127.23,SELL,HOLD,173563.8,0.0,173563.8
2024-11-15,171.5,113.4,125.6,SELL,HOLD,173563.8,0.0,173563.8
2024-11-18,174.29,110.64,123.82,SELL,HOLD,173563.8,0.0,173563.8
2024-11-19,177.1,107.87,121.89,SELL,HOLD,173563.8,0.0,173563.8
2024-11-20,174.97,105.19,119.83,SELL,HOLD,173563.8,0.0,173563.8
2024-11-21,166.67,102.63,117.66,SELL,HOLD,173563.8,0.0,173563.8
2024-11-22,163.81,100.29,115.41,SELL,HOLD,173563.8,0.0,173563.8
2024-11-25,166.69,98.21,113.13,SELL,HOLD,173563.8,0.0,173563.8
2024-11-26,168.15,96.46,110.84,SELL,HOLD,173563.8,0.0,173563.8
2024-11-27,168.26,95.07,108.59,SELL,HOLD,173563.8,0.0,173563.8
2024-11-29,167.98,94.1,106.44,SELL,HOLD,173563.8,0.0,173563.8
2024-12-02,170.51,93.52,104.41,SELL,HOLD,173563.8,0.0,173563.8
2024-12-03,170.36,93.4,102.56,SELL,HOLD,173563.8,0.0,173563.8
2024-12-04,173.37,93.68,100.92,SELL,HOLD,173563.8,0.0,173563.8
2024-12-05,171.65,94.42,99.53,SELL,HOLD,173563.8,0.0,173563.8
2024-12-06,173.71,95.54,98.43,SELL,HOLD,173563.8,0.0,173563.8
2024-12-09,174.56,97.02,97.64,SELL,HOLD,173563.8,0.0,173563.8
2024-12-10,184.32,98.79,97.16,BUY,BUY,0.0,940.7131,173390.24
2024-12-11,194.5,100.81,97.02,BUY,HOLD,0.0,940.7131,182969.44
2024-12-12,191.08,103.05,97.21,BUY,HOLD,0.0,940.7131,179748.29
2024-12-13,188.95,105.46,97.73,BUY,HOLD,0.0,940.7131,177744.41
2024-12-16,195.75,107.94,98.55,BUY,HOLD,0.0,940.7131,184149.28
2024-12-17,194.52,110.46,99.66,BUY,HOLD,0.0,940.7131,182988.16
2024-12-18,187.53,112.94,101.03,BUY,HOLD,0.0,940.7131,176414.75
2024-12-19,187.64,115.39,102.62,BUY,HOLD,0.0,940.7131,176517.75
2024-12-20,190.53,117.72,104.39,BUY,HOLD,0.0,940.7131,179233.26
2024-12-23,193.73,119.94,106.31,BUY,HOLD,0.0,940.7131,182248.44
2024-12-24,195.21,122.03,108.34,BUY,HOLD,0.0,940.7131,183634.29
2024-12-26,194.7,123.97,110.44,BUY,HOLD,0.0,940.7131,183156.74
2024-12-27,191.87,125.78,112.58,BUY,HOLD,0.0,940.7131,180497.37
2024-12-30,190.36,127.42,114.72,BUY,HOLD,0.0,940.7131,179074.1
2024-12-31,188.43,128.95,116.83,BUY,HOLD,0.0,940.7131,177257.5
2025-01-02,188.56,130.36,118.9,BUY,HOLD,0.0,940.7131,177379.22
2025-01-03,190.91,131.71,120.9,BUY,HOLD,0.0,940.7131,179589.07
2025-01-06,195.96,132.99,122.82,BUY,HOLD,0.0,940.7131,184345.91
2025-01-07,194.59,134.23,124.65,BUY,HOLD,0.0,940.7131,183053.73
2025-01-08,193.06,135.45,126.4,BUY,HOLD,0.0,940.7131,181611.7
2025-01-10,191.16,136.68,128.06,BUY,HOLD,0.0,940.7131,179823.22
2025-01-13,190.13,137.93,129.65,BUY,HOLD,0.0,940.7131,178858.71
2025-01-14,188.79,139.22,131.16,BUY,HOLD,0.0,940.7131,177594.61
2025-01-15,194.65,140.53,132.63,BUY,HOLD,0.0,940.7131,183109.91
2025-01-16,192.02,141.85,134.03,BUY,HOLD,0.0,940.7131,180637.86
2025-01-17,195.1,143.2,135.4,BUY,HOLD,0.0,940.7131,183531.28
2025-01-21,197.14,144.49,136.73,BUY,HOLD,0.0,940.7131,185450.87
2025-01-22,197.46,145.77,138.03,BUY,HOLD,0.0,940.7131,185750.5
2025-01-23,197.07,146.94,139.3,BUY,HOLD,0.0,940.7131,185385.32
2025-01-24,199.29,148.04,140.55,BUY,HOLD,0.0,940.7131,187473.44
2025-01-27,190.93,148.98,141.75,BUY,HOLD,0.0,940.7131,179607.82
2025-01-28,194.4,149.77,142.92,BUY,HOLD,0.0,940.7131,182875.8
2025-01-29,194.51,150.34,144.02,BUY,HOLD,0.0,940.7131,182978.8
2025-01-30,199.95,150.7,145.05,BUY,HOLD,0.0,940.7131,188091.48
2025-01-31,203.08,150.76,145.98,BUY,HOLD,0.0,940.7131,191041.07
2025-02-03,200.3,150.55,146.79,BUY,HOLD,0.0,940.7131,188428.57
2025-02-04,205.43,150.05,147.47,BUY,HOLD,0.0,940.7131,193250.96
2025-02-05,190.45,149.27,147.99,BUY,HOLD,0.0,940.7131,179158.36
2025-02-06,190.72,148.2,148.32,HOLD,HOLD,0.0,940.7131,179411.18
2025-02-07,184.49,146.85,148.47,SELL,SELL,173375.87,0.0,173375.87
2025-02-10,185.61,145.21,148.39,SELL,HOLD,173375.87,0.0,173375.87
2025-02-11,184.47,143.33,148.09,SELL,HOLD,173375.87,0.0,173375.87
2025-02-12,182.77,141.24,147.56,SELL,HOLD,173375.87,0.0,173375.87
2025-02-13,185.28,139.0,146.8,SELL,HOLD,173375.87,0.0,173375.87
2025-02-14,184.38,136.62,145.81,SELL,HOLD,173375.87,0.0,173375.87
2025-02-18,182.92,134.15,144.6,SELL,HOLD,173375.87,0.0,173375.87
2025-02-19,184.42,131.63,143.17,SELL,HOLD,173375.87,0.0,173375.87
2025-02-20,183.71,129.11,141.56,SELL,HOLD,173375.87,0.0,173375.87
2025-02-21,178.83,126.64,139.79,SELL,HOLD,173375.87,0.0,173375.87
2025-02-24,178.43,124.25,137.87,SELL,HOLD,173375.87,0.0,173375.87
2025-02-25,174.61,122.02,135.85,SELL,HOLD,173375.87,0.0,173375.87
2025-02-26,171.94,119.92,133.76,SELL,HOLD,173375.87,0.0,173375.87
2025-02-27,167.72,117.98,131.62,SELL,HOLD,173375.87,0.0,173375.87
2025-02-28,169.5,116.2,129.45,SELL,HOLD,173375.87,0.0,173375.87
2025-03-03,166.24,114.6,127.31,SELL,HOLD,173375.87,0.0,173375.87
2025-03-04,170.13,113.21,125.22,SELL,HOLD,173375.87,0.0,173375.87
2025-03-05,172.22,112.03,123.19,SELL,HOLD,173375.87,0.0,173375.87
2025-03-06,171.56,111.05,121.27,SELL,HOLD,173375.87,0.0,173375.87
2025-03-07,173.06,110.23,119.46,SELL,HOLD,173375.87,0.0,173375.87
2025-03-10,165.3,109.57,117.79,SELL,HOLD,173375.87,0.0,173375.87
2025-03-11,163.47,109.03,116.25,SELL,HOLD,173375.87,0.0,173375.87
2025-03-12,166.53,108.61,114.86,SELL,HOLD,173375.87,0.0,173375.87
2025-03-13,162.2,108.24,113.61,SELL,HOLD,173375.87,0.0,173375.87
2025-03-14,164.92,107.95,112.51,SELL,HOLD,173375.87,0.0,173375.87
2025-03-17,163.72,107.64,111.54,SELL,HOLD,173375.87,0.0,173375.87
2025-03-18,160.11,107.41,110.69,SELL,HOLD,173375.87,0.0,173375.87
2025-03-19,163.32,107.11,109.95,SELL,HOLD,173375.87,0.0,173375.87
2025-03-20,162.24,106.83,109.3,SELL,HOLD,173375.87,0.0,173375.87
2025-03-21,163.42,106.46,108.74,SELL,HOLD,173375.87,0.0,173375.87
2025-03-24,167.1,106.04,108.24,SELL,HOLD,173375.87,0.0,173375.87
2025-03-25,169.97,105.59,107.78,SELL,HOLD,173375.87,0.0,173375.87
2025-03-26,164.49,105.1,107.36,SELL,HOLD,173375.87,0.0,173375.87
2025-03-27,161.68,104.61,106.95,SELL,HOLD,173375.87,0.0,173375.87
2025-03-28,153.8,104.12,106.56,SELL,HOLD,173375.87,0.0,173375.87
2025-03-31,154.11,103.64,106.17,SELL,HOLD,173375.87,0.0,173375.87
2025-04-01,156.53,103.23,105.79,SELL,HOLD,173375.87,0.0,173375.87
2025-04-02,156.5,102.8,105.4,SELL,HOLD,173375.87,0.0,173375.87
2025-04-03,150.2,102.51,105.02,SELL,HOLD,173375.87,0.0,173375.87
2025-04-04,145.1,102.3,104.66,SELL,HOLD,173375.87,0.0,173375.87
2025-04-07,146.24,102.24,104.32,SELL,HOLD,173375.87,0.0,173375.87
2025-04-08,144.2,102.3,104.0,SELL,HOLD,173375.87,0.0,173375.87
2025-04-09,158.16,102.52,103.74,SELL,HOLD,173375.87,0.0,173375.87
2025-04-10,152.29,102.89,103.53,SELL,HOLD,173375.87,0.0,173375.87
2025-04-11,156.6,103.43,103.4,HOLD,HOLD,173375.87,0.0,173375.87
2025-04-14,158.52,104.15,103.36,BUY,BUY,0.0,1092.6199,173202.5
2025-04-15,155.77,105.05,103.42,BUY,HOLD,0.0,1092.6199,170197.26
2025-04-16,152.8,106.11,103.6,BUY,HOLD,0.0,1092.6199,166952.51
2025-04-17,150.64,107.33,103.9,BUY,HOLD,0.0,1092.6199,164589.71
2025-04-21,147.16,108.72,104.34,BUY,HOLD,0.0,1092.6199,160789.65
2025-04-22,150.95,110.22,104.91,BUY,HOLD,0.0,1092.6199,164927.26
2025-04-23,154.81,111.83,105.62,BUY,HOLD,0.0,1092.6199,169151.97
2025-04-24,158.73,113.51,106.48,BUY,HOLD,0.0,1092.6199,173431.14
2025-04-25,161.4,115.27,107.47,BUY,HOLD,0.0,1092.6199,176349.23
2025-04-28,160.06,117.04,108.57,BUY,HOLD,0.0,1092.6199,174879.31
2025-04-29,159.61,118.84,109.8,BUY,HOLD,0.0,1092.6199,174389.32
2025-04-30,158.25,120.68,111.14,BUY,HOLD,0.0,1092.6199,172908.49
2025-05-01,160.74,122.5,112.57,BUY,HOLD,0.0,1092.6199,175630.62
2025-05-02,163.46,124.32,114.09,BUY,HOLD,0.0,1092.6199,178603.16
2025-05-05,163.64,126.08,115.67,BUY,HOLD,0.0,1092.6199,178799.14
2025-05-06,162.67,127.84,117.31,BUY,HOLD,0.0,1092.6199,177732.08
2025-05-07,150.86,129.54,118.99,BUY,HOLD,0.0,1092.6199,164829.26
2025-05-08,153.75,131.22,120.69,BUY,HOLD,0.0,1092.6199,167986.9
2025-05-09,152.22,132.87,122.42,BUY,HOLD,0.0,1092.6199,166320.99
2025-05-12,157.91,134.49,124.14,BUY,HOLD,0.0,1092.6199,172538.3
2025-05-13,158.98,136.01,125.85,BUY,HOLD,0.0,1092.6199,173703.34
2025-05-14,164.8,137.45,127.54,BUY,HOLD,0.0,1092.6199,180062.18
2025-05-15,163.39,138.81,129.2,BUY,HOLD,0.0,1092.6199,178526.94
2025-05-16,165.62,140.11,130.82,BUY,HOLD,0.0,1092.6199,180955.04
2025-05-19,165.96,141.34,132.4,BUY,HOLD,0.0,1092.6199,181336.13
2025-05-20,163.41,142.46,133.92,BUY,HOLD,0.0,1092.6199,178548.71
2025-05-21,167.98,143.47,135.38,BUY,HOLD,0.0,1092.6199,183535.61
2025-05-22,170.28,144.34,136.77,BUY,HOLD,0.0,1092.6199,186050.84
2025-05-23,167.89,145.05,138.07,BUY,HOLD,0.0,1092.6199,183437.61
2025-05-27,172.3,145.61,139.29,BUY,HOLD,0.0,1092.6199,188261.2
2025-05-28,171.76,145.99,140.4,BUY,HOLD,0.0,1092.6199,187673.23
2025-05-29,171.27,146.17,141.4,BUY,HOLD,0.0,1092.6199,187128.8
2025-05-30,171.15,146.14,142.27,BUY,HOLD,0.0,1092.6199,186998.16
2025-06-02,168.45,145.9,143.0,BUY,HOLD,0.0,1092.6199,184047.35
2025-06-03,165.61,145.43,143.59,BUY,HOLD,0.0,1092.6199,180944.17
2025-06-04,167.47,144.68,144.0,BUY,HOLD,0.0,1092.6199,182980.31
2025-06-05,167.63,143.71,144.26,SELL,SELL,182971.36,0.0,182971.36
2025-06-06,173.08,142.47,144.32,SELL,HOLD,182971.36,0.0,182971.36
2025-06-09,175.69,141.03,144.19,SELL,HOLD,182971.36,0.0,182971.36
2025-06-10,178.2,139.35,143.86,SELL,HOLD,182971.36,0.0,182971.36
2025-06-11,176.95,137.49,143.32,SELL,HOLD,182971.36,0.0,182971.36
2025-06-12,175.3,135.44,142.58,SELL,HOLD,182971.36,0.0,182971.36
2025-06-13,174.28,133.25,141.64,SELL,HOLD,182971.36,0.0,182971.36
2025-06-16,176.37,130.92,140.5,SELL,HOLD,182971.36,0.0,182971.36
2025-06-17,175.55,128.56,139.17,SELL,HOLD,182971.36,0.0,182971.36
2025-06-18,172.93,126.11,137.67,SELL,HOLD,182971.36,0.0,182971.36
2025-06-20,166.27,123.69,136.0,SELL,HOLD,182971.36,0.0,182971.36
2025-06-23,164.82,121.27,134.2,SELL,HOLD,182971.36,0.0,182971.36
2025-06-24,166.39,118.93,132.27,SELL,HOLD,182971.36,0.0,182971.36
2025-06-25,170.3,116.66,130.25,SELL,HOLD,182971.36,0.0,182971.36
2025-06-26,173.15,114.53,128.17,SELL,HOLD,182971.36,0.0,182971.36
2025-06-27,178.13,112.58,126.05,SELL,HOLD,182971.36,0.0,182971.36
2025-06-30,175.83,110.84,123.92,SELL,HOLD,182971.36,0.0,182971.36
2025-07-01,175.44,109.3,121.82,SELL,HOLD,182971.36,0.0,182971.36
2025-07-02,178.24,108.03,119.78,SELL,HOLD,182971.36,0.0,182971.36
2025-07-03,179.13,106.95,117.81,SELL,HOLD,182971.36,0.0,182971.36
2025-07-07,176.39,106.17,115.97,SELL,HOLD,182971.36,0.0,182971.36
2025-07-08,173.97,105.59,114.25,SELL,HOLD,182971.36,0.0,182971.36
2025-07-09,176.22,105.3,112.69,SELL,HOLD,182971.36,0.0,182971.36
2025-07-10,177.22,105.23,111.3,SELL,HOLD,182971.36,0.0,182971.36
2025-07-11,179.78,105.38,110.1,SELL,HOLD,182971.36,0.0,182971.36
2025-07-14,181.15,105.76,109.1,SELL,HOLD,182971.36,0.0,182971.36
2025-07-15,181.59,106.29,108.3,SELL,HOLD,182971.36,0.0,182971.36
2025-07-16,182.56,106.95,107.71,SELL,HOLD,182971.36,0.0,182971.36
2025-07-17,183.17,107.71,107.31,BUY,BUY,0.0,997.9323,182788.39
2025-07-18,184.64,108.57,107.11,BUY,HOLD,0.0,997.9323,184261.99
2025-07-21,189.67,109.51,107.09,BUY,HOLD,0.0,997.9323,189280.26
2025-07-22,190.91,110.45,107.24,BUY,HOLD,0.0,997.9323,190514.92
2025-07-23,189.8,111.37,107.53,BUY,HOLD,0.0,997.9323,189409.7
2025-07-24,191.74,112.26,107.94,BUY,HOLD,0.0,997.9323,191341.35
2025-07-25,192.75,113.09,108.46,BUY,HOLD,0.0,997.9323,192346.97
2025-07-28,192.15,113.87,109.07,BUY,HOLD,0.0,997.9323,191749.57
2025-07-29,195.31,114.53,109.72,BUY,HOLD,0.0,997.9323,194905.89
2025-07-30,196.09,115.13,110.43,BUY,HOLD,0.0,997.9323,195682.54
2025-07-31,191.47,115.63,111.15,BUY,HOLD,0.0,997.9323,191072.5
2025-08-01,188.7,116.07,111.86,BUY,HOLD,0.0,997.9323,188314.46
2025-08-04,194.6,116.4,112.56,BUY,HOLD,0.0,997.9323,194198.95
2025-08-05,194.23,116.71,113.23,BUY,HOLD,0.0,997.9323,193830.56
2025-08-06,195.65,117.0,113.87,BUY,HOLD,0.0,997.9323,195244.44
2025-08-07,196.08,117.28,114.47,BUY,HOLD,0.0,997.9323,195672.58
2025-08-08,200.97,117.63,115.04,BUY,HOLD,0.0,997.9323,200551.45
2025-08-11,200.55,118.12,115.59,BUY,HOLD,0.0,997.9323,200133.27
2025-08-12,202.88,118.8,116.14,BUY,HOLD,0.0,997.9323,202463.17
2025-08-13,201.51,119.64,116.7,BUY,HOLD,0.0,997.9323,201089.12
2025-08-14,202.48,120.72,117.29,BUY,HOLD,0.0,997.9323,202064.9
2025-08-15,203.44,122.09,117.94,BUY,HOLD,0.0,997.9323,203020.76
2025-08-18,203.04,123.81,118.68,BUY,HOLD,0.0,997.9323,202622.48
2025-08-19,201.12,125.88,119.56,BUY,HOLD,0.0,997.9323,200700.81
2025-08-20,198.87,128.31,120.58,BUY,HOLD,0.0,997.9323,198460.52
2025-08-21,199.3,131.13,121.78,BUY,HOLD,0.0,997.9323,198888.64
2025-08-22,205.63,134.32,123.21,BUY,HOLD,0.0,997.9323,205201.3
2025-08-25,208.02,137.84,124.86,BUY,HOLD,0.0,997.9323,207590.97
2025-08-26,206.67,141.7,126.78,BUY,HOLD,0.0,997.9323,206246.79
2025-08-27,207.01,145.8,128.97,BUY,HOLD,0.0,997.9323,206585.32
2025-08-28,211.16,150.17,131.44,BUY,HOLD,0.0,997.9323,210727.39
2025-08-29,212.43,154.63,134.18,BUY,HOLD,0.0,997.9323,211991.92
2025-09-02,210.87,159.12,137.17,BUY,HOLD,0.0,997.9323,210438.63
2025-09-03,230.14,163.52,140.38,BUY,HOLD,0.0,997.9323,229665.35
2025-09-04,231.78,167.74,143.8,BUY,HOLD,0.0,997.9323,231298.31
2025-09-05,234.47,171.69,147.36,BUY,HOLD,0.0,997.9323,233986.64
2025-09-08,233.72,175.2,151.01,BUY,HOLD,0.0,997.9323,233239.2
2025-09-09,239.3,178.2,154.68,BUY,HOLD,0.0,997.9323,238810.1
2025-09-10,238.85,180.55,158.3,BUY,HOLD,0.0,997.9323,238351.65
2025-09-11,240.04,182.16,161.78,BUY,HOLD,0.0,997.9323,239547.55
2025-09-12,240.47,182.89,165.03,BUY,HOLD,0.0,997.9323,239976.08
2025-09-15,251.27,182.7,167.97,BUY,HOLD,0.0,997.9323,250749.09
2025-09-16,250.82,181.48,170.51,BUY,HOLD,0.0,997.9323,250300.63
2025-09-17,249.19,179.21,172.54,BUY,HOLD,0.0,997.9323,248676.21
2025-09-18,251.69,175.8,173.97,BUY,HOLD,0.0,997.9323,251167.66
2025-09-19,254.37,171.37,174.75,SELL,SELL,253594.61,0.0,253594.61
2025-09-22,252.19,165.92,174.79,SELL,HOLD,253594.61,0.0,253594.61
2025-09-23,251.32,159.45,174.04,SELL,HOLD,253594.61,0.0,253594.61
2025-09-24,246.8,152.01,172.44,SELL,HOLD,253594.61,0.0,253594.61
2025-09-25,245.46,143.72,169.99,SELL,HOLD,253594.61,0.0,253594.61
2025-09-26,246.21,134.69,166.64,SELL,HOLD,253594.61,0.0,253594.61
2025-09-29,243.72,125.05,162.41,SELL,HOLD,253594.61,0.0,253594.61
2025-09-30,242.77,114.82,157.31,SELL,HOLD,253594.61,0.0,253594.61
2025-10-01,244.57,104.24,151.38,SELL,HOLD,253594.61,0.0,253594.61
2025-10-02,245.36,93.48,144.68,SELL,HOLD,253594.61,0.0,253594.61
2025-10-03,245.02,82.69,137.27,SELL,HOLD,253594.61,0.0,253594.61
2025-10-06,250.09,72.0,129.24,SELL,HOLD,253594.61,0.0,253594.61
2025-10-07,245.43,61.58,120.7,SELL,HOLD,253594.61,0.0,253594.61
2025-10-08,244.29,51.55,111.74,SELL,HOLD,253594.61,0.0,253594.61
2025-10-09,241.2,42.11,102.5,SELL,HOLD,253594.61,0.0,253594.61
2025-10-10,236.25,33.32,93.09,SELL,HOLD,253594.61,0.0,253594.61
2025-10-13,243.82,25.28,83.61,SELL,HOLD,253594.61,0.0,253594.61
2025-10-14,245.12,18.05,74.22,SELL,HOLD,253594.61,0.0,253594.61
2025-10-15,250.69,11.7,65.03,SELL,HOLD,253594.61,0.0,253594.61
2025-10-16,251.12,6.36,56.14,SELL,HOLD,253594.61,0.0,253594.61
2025-10-17,252.96,2.06,47.69,SELL,HOLD,253594.61,0.0,253594.61
2025-10-20,256.2,-1.2,39.78,SELL,HOLD,253594.61,0.0,253594.61
2025-10-21,250.12,-3.39,32.5,SELL,HOLD,253594.61,0.0,253594.61
2025-10-22,251.35,-4.55,25.93,SELL,HOLD,253594.61,0.0,253594.61
2025-10-23,252.74,-4.7,20.14,SELL,HOLD,253594.61,0.0,253594.61
2025-10-24,259.57,-3.89,15.18,SELL,HOLD,253594.61,0.0,253594.61
2025-10-27,268.9,-2.09,11.12,SELL,HOLD,253594.61,0.0,253594.61
2025-10-28,267.11,0.67,7.96,SELL,HOLD,253594.61,0.0,253594.61
2025-10-29,274.2,4.34,5.74,SELL,HOLD,253594.61,0.0,253594.61
2025-10-30,281.1,9.03,4.5,BUY,BUY,0.0,901.2547,253341.02
2025-10-31,280.81,14.6,4.22,BUY,HOLD,0.0,901.2547,253079.97
2025-11-03,283.34,20.93,4.87,BUY,HOLD,0.0,901.2547,255357.07
2025-11-04,277.16,28.16,6.52,BUY,HOLD,0.0,901.2547,249794.86
2025-11-05,283.92,36.18,9.11,BUY,HOLD,0.0,901.2547,255888.06
2025-11-06,284.36,45.28,12.66,BUY,HOLD,0.0,901.2547,256284.09
2025-11-07,278.45,54.92,17.09,BUY,HOLD,0.0,901.2547,250955.91
2025-11-10,289.71,65.54,22.46,BUY,HOLD,0.0,901.2547,261099.27
2025-11-11,290.91,76.98,28.73,BUY,HOLD,0.0,901.2547,262188.32
2025-11-12,286.32,89.37,35.88,BUY,HOLD,0.0,901.2547,258048.15
2025-11-13,278.19,102.42,43.88,BUY,HOLD,0.0,901.2547,250721.91
2025-11-14,276.04,116.33,52.77,BUY,HOLD,0.0,901.2547,248777.84
2025-11-17,284.63,131.06,62.51,BUY,HOLD,0.0,901.2547,256527.09
2025-11-18,283.89,146.71,73.09,BUY,HOLD,0.0,901.2547,255861.08
2025-11-19,292.41,163.07,84.52,BUY,HOLD,0.0,901.2547,263538.36
2025-11-20,289.06,180.2,96.74,BUY,HOLD,0.0,901.2547,260514.25
2025-11-21,299.25,197.78,109.73,BUY,HOLD,0.0,901.2547,269703.6
2025-11-24,318.15,215.84,123.5,BUY,HOLD,0.0,901.2547,286732.16
2025-11-25,323.0,233.91,137.89,BUY,HOLD,0.0,901.2547,291106.33
2025-11-26,319.52,252.26,152.94,BUY,HOLD,0.0,901.2547,287965.25
2025-11-28,319.75,270.32,168.51,BUY,HOLD,0.0,901.2547,288172.25
2025-12-01,314.46,288.25,184.56,BUY,HOLD,0.0,901.2547,283411.09
2025-12-02,315.38,305.24,200.88,BUY,HOLD,0.0,901.2547,284239.08
2025-12-03,319.2,321.19,217.35,BUY,HOLD,0.0,901.2547,287677.2
2025-12-04,317.19,335.76,233.84,BUY,HOLD,0.0,901.2547,285868.15
2025-12-05,320.83,348.82,250.16,BUY,HOLD,0.0,901.2547,289153.24
2025-12-08,313.5,359.91,266.07,BUY,HOLD,0.0,901.2547,282542.73
2025-12-09,316.86,368.74,281.37,BUY,HOLD,0.0,901.2547,285568.79
2025-12-10,319.98,375.02,295.82,BUY,HOLD,0.0,901.2547,288387.74
2025-12-11,312.21,378.5,309.15,BUY,HOLD,0.0,901.2547,281380.91
2025-12-12,309.07,378.93,321.12,BUY,HOLD,0.0,901.2547,278552.99
2025-12-15,308.0,376.06,331.48,BUY,HOLD,0.0,901.2547,277589.3
2025-12-16,306.35,369.9,339.96,BUY,HOLD,0.0,901.2547,276103.28
2025-12-17,296.51,360.34,346.4,BUY,HOLD,0.0,901.2547,267232.16
2025-12-18,302.25,347.56,350.54,SELL,SELL,272129.32,0.0,272129.32
2025-12-19,306.94,331.32,352.16,SELL,HOLD,272129.32,0.0,272129.32
2025-12-22,309.56,311.91,351.14,SELL,HOLD,272129.32,0.0,272129.32
2025-12-23,314.13,289.52,347.4,SELL,HOLD,272129.32,0.0,272129.32
2025-12-24,313.87,264.63,340.85,SELL,HOLD,272129.32,0.0,272129.32
2025-12-26,313.29,237.52,331.49,SELL,HOLD,272129.32,0.0,272129.32
2025-12-29,313.34,208.53,319.34,SELL,HOLD,272129.32,0.0,272129.32
2025-12-30,313.63,178.31,304.53,SELL,HOLD,272129.32,0.0,272129.32
